filename,width,height,class,xmin,ymin,xmax,ymax
ck0tyk5ussex90863mbb4h9of_jpeg_jpg.rf.d0a27e22ffa77f6e9539326c69b3b089.jpg,448,448,0,267,198,428,266
img_924_jpg.rf.d10505c94256b4b2a78d140f812dea1a.jpg,448,448,0,112,135,384,427
ck0ug3zlfw61d09445i888ftl_jpeg_jpg.rf.d1bd5da4cda33f7fb71ae0609cf73653.jpg,448,448,0,70,146,288,285
ck0t2d3kbyou40a46a56kl6x8_jpeg_jpg.rf.d1d5fc7d8cbced400aebd298f36b4029.jpg,448,448,0,270,202,326,231
ck0ujzue9uicd08638rcyl1ro_jpeg_jpg.rf.d215ddd1562d34fa0deac703a4d379be.jpg,448,448,0,49,147,284,289
ck0t6yokymh1c0863qvlkbezb_jpeg_jpg.rf.d29aea2e2fc51bc27c0cdc3eecd938e1.jpg,448,448,0,139,192,153,214
img_390_jpg.rf.d29bc413a7d5ae1415a2170d12b15dcc.jpg,448,448,1,271,241,325,423
ck0t5tq5hmo8508389vjkpile_jpeg_jpg.rf.d2cac8c45f4b80bd3d87ce5139f0bd43.jpg,448,448,0,281,181,331,233
ck0u12y7v75dn0848omjgbtgs_jpeg_jpg.rf.d2e1f49b5110268f648081a3f9fc0da9.jpg,448,448,0,157,202,184,223
ck0tzkkd8ulz70701xe5upkxe_jpeg_jpg.rf.d323ad57371904b7cd3e547ccc954a63.jpg,448,448,0,310,210,409,234
ck0l9uumy9b4i0863izsuks74_jpeg_jpg.rf.d32bd3691c6ec6db2535920155bb8afa.jpg,448,448,0,216,206,261,236
img_721_jpg.rf.d49c6fbfbb69a8d77027a4940fd9014b.jpg,448,448,1,342,0,447,238
img_358_jpg.rf.d4a75398d9e48e34bcc87a3329428a7a.jpg,448,448,1,262,175,325,398
ck0nculry62mq0944n824zvzk_jpeg_jpg.rf.d4a929ad1507395c6dede4602b6a05b0.jpg,448,448,0,348,228,432,273
img_631_jpg.rf.d56fab4a377814b835f8f7b5465fc1e8.jpg,448,448,0,141,0,379,162
img_631_jpg.rf.d56fab4a377814b835f8f7b5465fc1e8.jpg,448,448,1,255,165,303,240
img_405_jpg.rf.d5d1f1e45f4ad785f29d224f258ca109.jpg,448,448,1,50,1,236,112
img_737_jpg.rf.d63aa66bbeaee040f5c91661b4f52fc9.jpg,448,448,1,326,0,448,256
ck0qd5yquiaiq07016q73qoz3_jpeg_jpg.rf.d632bf75b0e43a6b21cf7a5060f850c9.jpg,448,448,0,231,195,324,233
ck0k9dg0vjxcg0848rmqzl38w_jpeg_jpg.rf.d6ba2a93202e8c4005d20977d9cedf9b.jpg,448,448,0,88,184,176,292
img_656_jpg.rf.d6f7d6a71fd8a548bf41aaef5fbb14bb.jpg,448,448,0,2,0,280,282
ck0t6c6eg0n3m08483m1afytd_jpeg_jpg.rf.d8e2bd6eadc88334785c464df38c7bcc.jpg,448,448,0,217,150,305,235
ck0m14kd9vbfd0a46f2gcpvjf_jpeg_jpg.rf.d93d019d0e2133408f5fe5f16ccd056f.jpg,448,448,0,139,190,153,210
img_751_jpg.rf.db907f63e647068f05e11d5f9e7a039a.jpg,448,448,1,288,0,448,250
ck0k9lqaz4ict0863typf3ngd_jpeg_jpg.rf.d963db75b1698b608b5a70bcce377d3d.jpg,448,448,0,65,206,187,248
img_117_jpg.rf.d9e779c154bfec9474df74afdd253081.jpg,448,448,1,1,181,112,328
img_404_jpg.rf.d7dfc8682f26373ede18884ccd0fa7bd.jpg,448,448,1,50,0,239,112
ck0l8bhz891hy086381o84nhd_jpeg_jpg.rf.dba9847584ba1cb36db73b2902333044.jpg,448,448,0,136,148,176,214
img_129_jpg.rf.dcbe2139f41fc48b198bde3a367fb13e.jpg,448,448,1,20,218,106,314
img_665_jpg.rf.db0fce11ccf8a613a5268b3ad01261af.jpg,448,448,1,26,0,336,318
ck0tzuao2wuuv0721d9vb3uvm_jpeg_jpg.rf.dcab20eb5f50a0a4f33add4565d7b519.jpg,448,448,0,2,242,118,309
ck0u030x8uono0701kp4dvddz_jpeg_jpg.rf.dc8d0de3ed38d7bfe4e10f89f08ca7b9.jpg,448,448,0,215,144,386,239
ck0na7jmkg9gj0a46p7jofg58_jpeg_jpg.rf.dba2a5b46c3263f7c724eb55b48b4cd8.jpg,448,448,0,67,207,167,252
ck0twl6pqwg6c0721ja81m52m_jpeg_jpg.rf.dd7780b6ef4a8b962808c538c8f39f2e.jpg,448,448,0,313,197,433,263
img_634_jpg.rf.db03b0580776dced252e5fc01b0d83d7.jpg,448,448,1,257,180,299,243
img_634_jpg.rf.db03b0580776dced252e5fc01b0d83d7.jpg,448,448,0,138,0,322,174
99_jpg.rf.df28c8107adb80b467b0958ee9533c38.jpg,448,448,1,70,41,440,442
ck0kl11aa7dlt0838zoqikube_jpeg_jpg.rf.df12a731f45471c0d8c87af6e14d23bf.jpg,448,448,0,231,258,368,296
img_650_jpg.rf.db5adc63ca2f0135d394bd87b7310c1b.jpg,448,448,0,139,0,330,201
img_650_jpg.rf.db5adc63ca2f0135d394bd87b7310c1b.jpg,448,448,1,258,203,306,248
ck0rp9iochje10a46pq920puz_jpeg_jpg.rf.dbe8f56b1b287773798e3fbeec76e738.jpg,448,448,0,2,236,113,303
ck0t5n2jlkxuc07940mygjo8f_jpeg_jpg.rf.dc36436cf29f861536969571845011d7.jpg,448,448,0,0,67,114,302
ck0nfobvt4msi07944oj7bzx6_jpeg_jpg.rf.deeec0c0991ccd8efb84837e23091c72.jpg,448,448,0,350,231,446,270
img_718_jpg.rf.def107a04b055c6d6566dfa506eb4d5f.jpg,448,448,1,296,0,448,213
ck0ngmfoyjka50a46cagrxpig_jpeg_jpg.rf.e0080cff3bfa4ca178284cf6ad785b44.jpg,448,448,0,118,231,252,265
ck0l9xgch9grx0794i0878xu3_jpeg_jpg.rf.e047e8ba81139685a15929ee1c0b0a04.jpg,448,448,0,60,216,110,247
ck0koqfpl6g0x0863mmghhzwg_jpeg_jpg.rf.e0b2bd056b9dae65b74a5194397d5079.jpg,448,448,0,256,253,365,295
ck0tywg9ruew50944r0qom5i0_jpeg_jpg.rf.dfe40bb8e88f102b9491285af0ef3330.jpg,448,448,0,129,197,140,216
ck0u0obru6f6u0a46axncdx9n_jpeg_jpg.rf.dfb9750f1bb319719ad103f7cceb0f96.jpg,448,448,0,90,204,119,263
ck0tzw6en6xyw0848myghrsxc_jpeg_jpg.rf.e0b63ca62ae964694d084d55502b0ac7.jpg,448,448,0,1,40,113,304
img_752_jpg.rf.ddf5b48ebf039b318e8c9c3835ffe5e6.jpg,448,448,1,289,0,446,246
img_640_jpg.rf.e3376baad3ad6ea246dfd12b08bb6ded.jpg,448,448,0,144,0,318,176
img_640_jpg.rf.e3376baad3ad6ea246dfd12b08bb6ded.jpg,448,448,1,259,183,300,245
ck0t74gx40b5u0a46s72no2dg_jpeg_jpg.rf.db29c0eb803f29ec0c21f5ce1cdbd4ea.jpg,448,448,0,1,163,101,314
ck0nene10jjcw08481qmhh4wj_jpeg_jpg.rf.e1a64568afa1a34f10cb8d3281ccbcf0.jpg,448,448,0,236,227,276,262
ck0tyexsuugj1070158ffdyyt_jpeg_jpg.rf.e1e6f7eca1b41eb398dfe8ef6e3572ef.jpg,448,448,0,218,111,374,238
ck0korwq7kq730a465vnctqhc_jpeg_jpg.rf.e2ba0ee71c885d47b7e3ba78b203d2c6.jpg,448,448,0,331,184,364,229
ck0kkv2jf8pil09448qnz1ndu_jpeg_jpg.rf.e4709d6763a644977d90c1df63a00c14.jpg,448,448,0,315,203,428,266
img_383_jpg.rf.e3c7263c02d20d51ce14082b0562e83d.jpg,448,448,1,269,264,336,415
ck0ken8886dvt0838isatschp_jpeg_jpg.rf.e4286ce5ee2d9726fcfa18d9890eb27e.jpg,448,448,0,137,192,151,216
img_659_jpg.rf.e2ad6e2c8d33cd17d1ad866e07f6607f.jpg,448,448,0,0,0,284,288
ck0knae84lryw08485s94co4s_jpeg_jpg.rf.e4055bddd51566381a9698f14cb581bd.jpg,448,448,0,128,227,167,271
ck0ujoiltwezp0944u48gk6wn_jpeg_jpg.rf.e4f9301949b5c329f295aa38e8472d72.jpg,448,448,0,1,226,105,311
ck0rqjda68xrv07215zq41dpi_jpeg_jpg.rf.e4f9063eddce799d9d8d0c25f7589f68.jpg,448,448,0,123,191,146,216
ck0ujmglz85u10a468qt0d4fc_jpeg_jpg.rf.df6de84f1bd7b9074c76f9dbc6d5876f.jpg,448,448,0,80,181,410,237
ck0ngmuykjkh80a46a5qzv263_jpeg_jpg.rf.e363ab22a27d9e5d7eda5c457a4b57d5.jpg,448,448,0,132,190,148,210
ck0kmr5ewkhpq0a46nuv73id4_jpeg_jpg.rf.e532fe6ec74ec7b73a731d06a6178dce.jpg,448,448,0,217,130,376,236
img_613_jpg.rf.e393f63f3933915ffcb0b1877ccc89c0.jpg,448,448,1,267,180,301,244
img_613_jpg.rf.e393f63f3933915ffcb0b1877ccc89c0.jpg,448,448,0,211,28,351,180
ck0l9dfokcv7o07013t4kgamc_jpeg_jpg.rf.e55828b9e75ae3a2b5ec4ddddb725cc0.jpg,448,448,0,87,180,140,293
img_726_jpg.rf.e5aa0ebd68bc8cb63823fa47a5b8f244.jpg,448,448,1,353,0,445,224
img_784_jpg.rf.e5b683f4590bff52123a009bc87c432c.jpg,448,448,1,260,0,448,294
305_jpg.rf.e5a965197b20132f97392af82891181a.jpg,448,448,1,286,156,365,277
ck0t4sh7pnk3v09447wbxifkk_jpeg_jpg.rf.e64254f41d4b75dfb45267af89c4f712.jpg,448,448,0,311,212,407,236
img_745_jpg.rf.e6009f0f55bb137bfc35ffa478c3283a.jpg,448,448,1,275,3,447,249
img_782_jpg.rf.e76ceca94c873cd138d9381fe30bc9d1.jpg,448,448,1,278,0,447,296
img_127_jpg.rf.e74ff78e3f71c113bc30cdcfbb4ece1b.jpg,448,448,1,275,31,312,83
img_127_jpg.rf.e74ff78e3f71c113bc30cdcfbb4ece1b.jpg,448,448,1,18,198,107,304
img_124_jpg.rf.e6108656d92b7282941347c9c604f25d.jpg,448,448,1,12,200,122,324
img_124_jpg.rf.e6108656d92b7282941347c9c604f25d.jpg,448,448,1,145,56,209,116
ck0t50qh5zfpc0a46o2ppy49w_jpeg_jpg.rf.e8c483c6a66bd27f9c3c6385d9b83cae.jpg,448,448,0,147,194,188,220
ck0ujw76nui2g0863hz7l7uqo_jpeg_jpg.rf.e5f6fb061ae904f1bcecc1ea9434ec16.jpg,448,448,0,231,249,372,297
ck0qb9rg6tgo40848b6pmbrod_jpeg_jpg.rf.e8c4fd35d1b0a7dbb8a0877067002e7a.jpg,448,448,0,29,266,107,312
ck0t1qg3kyft90a46nddriu6k_jpeg_jpg.rf.e8404c7111890fcfd198274575dcdae4.jpg,448,448,0,115,188,150,211
ck0rr7nhf6w970944cb2nnlih_jpeg_jpg.rf.e9a4b14466b1bedcf44da0bc2b25202a.jpg,448,448,0,378,201,433,268
ck0rr5vjd72og0701evwv8adg_jpeg_jpg.rf.e932436f1f37f73c14199f70db36461a.jpg,448,448,0,61,216,121,247
ck0u98uysslwa0794bmd4n7fd_jpeg_jpg.rf.ea10580828c4a1f55353462109afe8bf.jpg,448,448,0,230,189,364,234
ck0kexd04j9w30a4628x0rzxi_jpeg_jpg.rf.e9c050dfd82112b61a1cae66fe36c69e.jpg,448,448,0,94,185,123,266
278_jpg.rf.eb06c914510f543113dbf187494c78af.jpg,448,448,1,16,71,439,392
436_jpg.rf.ecb3f281dde05969191310a5c4e01215.jpg,448,448,1,173,108,273,334
ck0u00h8m6yow0848u1pohlak_jpeg_jpg.rf.ebfbb2a0ec1f307ffba8042b92115cc6.jpg,448,448,0,347,182,431,236
ck0ujb0z98s2k08487aup4zlv_jpeg_jpg.rf.ec1554b4ef6dfc6ee9b04ab0464f7df1.jpg,448,448,0,63,216,127,247
ck0u0znmjuuay0701hyc6trun_jpeg_jpg.rf.ebd9badeaf93670349269ba8f630b608.jpg,448,448,0,173,189,215,222
ck0lwjms6i2ru0701i4l78d84_jpeg_jpg.rf.edadb8c2ae8d6c823facd767180dcb4b.jpg,448,448,0,232,252,368,297
ck0kn966blrt008482afk6mhy_jpeg_jpg.rf.eca00620e1b00ed5ab41ab2a42ab36c1.jpg,448,448,0,118,230,258,268
ck0tzu01r69vw0a464th4yn43_jpeg_jpg.rf.ed2f8a6d3bca8a307fb24c18ca16c19b.jpg,448,448,0,130,222,165,272
ck0u13g18uv1x070166k2ew3t_jpeg_jpg.rf.ecfa69f7880c4faf4504e426bce6dce9.jpg,448,448,0,137,149,176,223
ck0qbex0ljri20721b1v9gyp5_jpeg_jpg.rf.eee6fd28088af6d9bbee62f83896c797.jpg,448,448,0,232,194,308,234
ck0lwgsmatsrm0848br00vfki_jpeg_jpg.rf.f01da26575ab9fbcfc7134a1b6425e9a.jpg,448,448,0,121,218,167,272
ck0rqkhjb4o7k0863lhsglv38_jpeg_jpg.rf.eeab54aa7a9a5756a284ec9b7172e0bb.jpg,448,448,0,102,211,165,275
ck0rqjl29ibr20a46351u8ys5_jpeg_jpg.rf.ef4419e491562e7f286d56858ad82115.jpg,448,448,0,115,215,363,281
ck0negbgs3uhi0794nkdvb6zi_jpeg_jpg.rf.ed3ec59425d2fdd2bc98dee5c8e624b5.jpg,448,448,0,91,208,120,262
ck0l939lbnftj0a46atyx4hh4_jpeg_jpg.rf.ef9cc98a58051298845b933c3a07b8d1.jpg,448,448,0,353,232,446,268
img_402_jpg.rf.edccf4ef1f7c75b41d3892ef3308e70a.jpg,448,448,1,144,0,398,124
ck0knw1mc96cu09446iq0ugae_jpeg_jpg.rf.f00de2ccd54e95a0f71cf5e5ea2d4ede.jpg,448,448,0,1,44,111,310
ck0txdhj9wk390721me7hmajn_jpeg_jpg.rf.ed60a01fb0fbd2c6eae573e5176cf8fc.jpg,448,448,0,190,200,256,224
ck0k99e6p79go0944lmxivkmv_jpeg_jpg.rf.f048b8d8572ff3b37c37ed197c8e9db8.jpg,448,448,0,313,182,377,224
341_jpg.rf.ef22234027f42ff17e0e415e807c2489.jpg,448,448,1,188,112,229,205
341_jpg.rf.ef22234027f42ff17e0e415e807c2489.jpg,448,448,0,169,0,313,123
img_410_jpg.rf.f0631e0b2d239af96911d5f1c0ada664.jpg,448,448,1,51,0,336,172
ck0lwhatvfrid08386w2352zc_jpeg_jpg.rf.f052d421eebf8a67e4f5daa36effe02c.jpg,448,448,0,2,236,106,308
img_345_jpg.rf.f198f2a9ae0f1cacb79c6682ecc28ea8.jpg,448,448,1,284,223,338,389
img_750_jpg.rf.eac48ada18f15d7acfad04e6d1b5d0ae.jpg,448,448,1,293,3,447,251
img_808_jpg.rf.efe13fa172eb4e2d05e10b66dc3c1053.jpg,448,448,0,138,0,364,386
img_440_jpg.rf.f3da7bbf2783f3ed4fd9eda81096d7e4.jpg,448,448,1,103,1,403,223
ck0kcpbi29y0x0721g7dlzzcs_jpeg_jpg.rf.f367ff01e2a386b2a995a6fdfe063e12.jpg,448,448,0,224,208,267,233
img_643_jpg.rf.f263d4b6cedcfc1b3b231c12675c5d5d.jpg,448,448,1,265,169,303,245
img_643_jpg.rf.f263d4b6cedcfc1b3b231c12675c5d5d.jpg,448,448,0,145,0,315,168
img_431_jpg.rf.f57c4899b53d193a2e425313dcf6348d.jpg,448,448,1,52,0,239,143
ck0ovkzw8secm0863zxuv11su_jpeg_jpg.rf.f389095a926c696eae7bd89f415a51d9.jpg,448,448,0,79,168,121,262
img_734_jpg.rf.f5fcbe932d033737446c298cc74d5b94.jpg,448,448,1,279,0,448,248
ck0ukhfkfv4f10838ulu89xc8_jpeg_jpg.rf.f2e5354b17a503c805971ee143c43081.jpg,448,448,0,140,193,151,210
ck0qd6v51ib0j0701sf2wolfq_jpeg_jpg.rf.f681b5d523ddbf3be36b363b03ce830c.jpg,448,448,0,340,183,360,212
ck0kdeqv8a00m0721x8avt6qe_jpeg_jpg.rf.f6621242c3c4140d5bdcee1e6e9278c4.jpg,448,448,0,78,216,185,266
ck0km4x1h672j0794gya4kfco_jpeg_jpg.rf.f505759146a34de782fa1eabc7381057.jpg,448,448,0,117,228,227,266
img_805_jpg.rf.f4171c75bcaaa9095caa4f384e797747.jpg,448,448,0,73,132,373,446
img_658_jpg.rf.f3a9b97fa58304168b25062ce990c15e.jpg,448,448,0,0,0,274,282
img_647_jpg.rf.f864d9b0993ef132202e4ac19d712996.jpg,448,448,1,264,213,304,245
img_647_jpg.rf.f864d9b0993ef132202e4ac19d712996.jpg,448,448,0,130,0,321,207
img_765_jpg.rf.f71b3f86f7584eb0555ee19a63a86600.jpg,448,448,1,274,0,446,278
img_655_jpg.rf.f2c5022defd32b4b5ea9605372b5d9df.jpg,448,448,1,260,184,310,247
img_655_jpg.rf.f2c5022defd32b4b5ea9605372b5d9df.jpg,448,448,0,147,1,330,181
img_770_jpg.rf.f68c23cf1c75790376a3bffbcd7fced9.jpg,448,448,1,273,0,448,272
img_88_jpg.rf.f6c93078a63fbd52297f4d522df43e88.jpg,448,448,1,36,0,398,444
ck0kosu846k350794gya7bot0_jpeg_jpg.rf.f83fd2c4f8d0b71540492fb94b7e65ea.jpg,448,448,0,346,183,402,231
ck0ncwmnt6hyp07016zypssxs_jpeg_jpg.rf.f7871c6e4fccb3bf33362e6fd7711d51.jpg,448,448,0,0,79,113,312
ck0lwh1i7ed810863a8ql1pat_jpeg_jpg.rf.f70995becde6ec1587e2513dc0ebce7d.jpg,448,448,0,309,264,364,296
ck0lyf2lnhyy10944t8eb842u_jpeg_jpg.rf.f89a47483ebd1b7a43c9c20b3ef8481a.jpg,448,448,0,351,239,424,270
img_395_jpg.rf.f78d2bbf573e77ecba8cdbe9c3297a3e.jpg,448,448,1,270,271,320,417
ck0t4mzl8ljds0863b0iswyfc_jpeg_jpg.rf.f85d6fd1ba54846f0876a8f46249a3b0.jpg,448,448,0,218,176,304,236
ck0kkg0u65u3q0863z6w2psqp_jpeg_jpg.rf.f8916be36d11d7590cd8eb31917261fc.jpg,448,448,0,327,179,378,228
ck0t2tlmmzfds0848mvj42ujg_jpeg_jpg.rf.f894543fd9d04c3bca0cf38b62ed5748.jpg,448,448,0,215,125,384,241
ck0ncrfj130c40794scji9fm2_jpeg_jpg.rf.fafacaa78277ef05b3f1e43a7eca8bdd.jpg,448,448,0,139,191,148,210
ck0t3zlhdz6180a46kq06kflk_jpeg_jpg.rf.f8bbeb5331a5bf5c13aa8bf1db1218f7.jpg,448,448,0,185,240,367,293
img_434_jpg.rf.f9c35da1cb66bff12a429b36d8023cbe.jpg,448,448,1,57,0,252,145
ck0t6p0chogef0701xhns6ujk_jpeg_jpg.rf.f755544ff455d547995587494f0a792f.jpg,448,448,0,318,208,419,234
ck0t2b97en04q0701ndyfepcr_jpeg_jpg.rf.f9cbcc7688ac6d74e468fdc5f466f98f.jpg,448,448,0,323,179,377,222
ck0u0m0dqtaz70838kcm0o9w3_jpeg_jpg.rf.f9ad08817d7cbf504589ae907cf6b1d6.jpg,448,448,0,275,205,312,227
91_jpg.rf.f8339126b26b220d92d18963c43b7bfd.jpg,448,448,1,28,88,446,285
91_jpg.rf.f8339126b26b220d92d18963c43b7bfd.jpg,448,448,0,71,0,446,198
img_435_jpg.rf.fd4e1bd04124da24fbc224064ddc67d2.jpg,448,448,1,51,0,308,211
ck0twzaqtua2r0701hljesqvp_jpeg_jpg.rf.fbac690e3d98b720a3fb730b0c5a405a.jpg,448,448,0,43,206,190,273
img_908_jpg.rf.f92431a082924005cec20f6d6a33c7d0.jpg,448,448,0,0,0,435,413
ck0qbp5dkg5920838gygl8n4f_jpeg_jpg.rf.fd4d39281fd82903f3b578bcfebccbe0.jpg,448,448,0,150,156,308,304
ck0khrg9xan7u0721mn5rxpzo_jpeg_jpg.rf.fdf4a34df01ecbc9c9a5c54b10d5ccb8.jpg,448,448,0,148,162,178,223
ck0qc6lwsetj70794bennfrza_jpeg_jpg.rf.fe76fef7da69335787f99f344f001def.jpg,448,448,0,127,191,148,212
img_425_jpg.rf.fd64272543f317b2af67b4fc18d77e07.jpg,448,448,1,51,0,396,272
img_775_jpg.rf.fe0592664d6fb4336b0c397a56618dcc.jpg,448,448,1,276,0,448,286
img_620_jpg.rf.fe74e9543a5619a16c91b2c832a893d4.jpg,448,448,0,160,0,386,202
img_620_jpg.rf.fe74e9543a5619a16c91b2c832a893d4.jpg,448,448,1,251,205,300,248
ck0l9jo4f9eey0794uap3bxz6_jpeg_jpg.rf.ff3c18a887ad298a289324d1a4fec0b7.jpg,448,448,0,119,155,277,289
ck0ng4fa263vn083809qkbt4y_jpeg_jpg.rf.fec92d81e964a8693b18495f5c75f884.jpg,448,448,0,128,186,216,218
ck0tssirhrq1u0863eoicr5bp_jpeg_jpg.rf.fc47c6edf69421f1cc37d7afeec5e921.jpg,448,448,0,86,183,151,219
106_jpg.rf.fc7418764a8fb61ad751e3d675a0112a.jpg,448,448,1,272,272,384,370
106_jpg.rf.fc7418764a8fb61ad751e3d675a0112a.jpg,448,448,0,0,0,343,316
ck0kd70pu4w7b07946742zfpg_jpeg_jpg.rf.fbed491e0a16d1e5752d14dd5cfee525.jpg,448,448,0,152,193,194,220
ck0k9dzyzirme0a46fhirxayi_jpeg_jpg.rf.fb1fe096b3fc748f66166bfd752b8b9f.jpg,448,448,0,249,247,282,282
ck0ukhrm7wh9z0944dld49omk_jpeg_jpg.rf.0072239707b6d13733818a8d6a6644a2.jpg,448,448,0,116,236,188,259
img_408_jpg.rf.033415e9846962ac1fe3b729e4d8cc6a.jpg,448,448,1,50,1,296,166
ck0l967uheggs0721rz56fgry_jpeg_jpg.rf.01ea40fd68e36668a44ea9a570b07ba2.jpg,448,448,0,230,189,298,234
img_105_jpg.rf.02f87e33eedf72978c6b31a8da3af383.jpg,448,448,0,0,0,186,190
ck0ukkz8tytsn0721y70sud46_jpeg_jpg.rf.03162a513c29ef4b8d8bddf1d682e448.jpg,448,448,0,1,70,118,304
ck0u0dtzbt9mu08385juqmknt_jpeg_jpg.rf.02962d5cfc7f81791f9b335f709e8103.jpg,448,448,0,127,188,147,211
ck0t73htzoi4l0944t1g4vr7e_jpeg_jpg.rf.04129cac1190c31ac01d2006c1ff9de6.jpg,448,448,0,209,231,363,298
img_366_jpg.rf.03b2fb258bbe5402a54887ac4348e087.jpg,448,448,1,287,212,348,397
img_412_jpg.rf.06cc1f14e8ebde1a410a2542b5c2c5e0.jpg,448,448,1,125,0,400,187
ck0t3r291z3xb0a46a6hx1rak_jpeg_jpg.rf.04753c08ed8863bce57113ed83a2ae2f.jpg,448,448,0,124,216,171,272
ck0kk7o8o5vu70794mj0deixq_jpeg_jpg.rf.06e1f8760ad2b6882147753f8b414def.jpg,448,448,0,350,234,444,272
304_jpg.rf.04c6723a2a83c8d12405ee39bbc02370.jpg,448,448,1,158,206,289,251
304_jpg.rf.04c6723a2a83c8d12405ee39bbc02370.jpg,448,448,0,148,0,432,210
ck0t2fzvhlj200838b26ckwda_jpeg_jpg.rf.0894d8227fa603d662047503a6dcf329.jpg,448,448,0,79,163,169,297
img_664_jpg.rf.071e987724d97293478da9af99ff4cc2.jpg,448,448,1,0,0,444,322
ck0na55fy5b720701gr5xzev9_jpeg_jpg.rf.06cb2dee3badcccb56c355a5d52f8219.jpg,448,448,0,217,161,290,234
ck0u9e8u77f9y0a46i2qc7hje_jpeg_jpg.rf.02885a26773f5eb65b970d3f081cbd20.jpg,448,448,0,97,268,132,294
ck0lwj354jo7n07218v6vgpvi_jpeg_jpg.rf.0aa0edcc0d75ea44c15729b7de782d8d.jpg,448,448,0,1,58,122,300
img_380_jpg.rf.047f9ee75f80c648d1c0ca305ca1ab3f.jpg,448,448,1,279,213,339,405
ck0rpje8d32fg07940gwkympb_jpeg_jpg.rf.07d887d2c870e4bb237d358151bb6748.jpg,448,448,0,92,103,176,291
img_242_jpg.rf.03bb082df92ac6f1519a404d6e86e833.jpg,448,448,1,317,186,437,417
img_92_jpg.rf.094498f410d5d196b534a4d5b3b98341.jpg,448,448,1,6,0,388,440
ck0rrpwlvj04d0a46r4th0cjf_jpeg_jpg.rf.04c275d490964fc60506b32ccf26f428.jpg,448,448,0,156,201,179,221
ck0ujle3ouhd20863udrln8yl_jpeg_jpg.rf.0ae64381edb1a10bc16b3714d06398ac.jpg,448,448,0,115,241,158,260
img_442_jpg.rf.0dab14b2f5499c44706fb2f999e420aa.jpg,448,448,1,50,0,398,168
ck0qc6vn5htmh07016mtpli3w_jpeg_jpg.rf.0f02ee60979ac22519b6255ffffafaed.jpg,448,448,0,116,224,297,274
img_106_jpg.rf.0e5aec583bf1ee4e56a8e0ef146eaa54.jpg,448,448,0,0,1,194,192
ck0uk75x5ysls0721e5a9j891_jpeg_jpg.rf.0e342196ddcf51bd3e028c14c5aaf148.jpg,448,448,0,366,194,433,269
img_118_jpg.rf.0dafdde8e327952a56abfd272ea7d03b.jpg,448,448,1,0,178,112,326
ck0kkxngib3qh0721x6mgyttk_jpeg_jpg.rf.0f834e84f77bdca42a343bb7ae13dff1.jpg,448,448,0,115,233,251,264
img_449_jpg.rf.0fb72a6884a61dfdaa7622ad422f6013.jpg,448,448,1,322,117,394,347
img_449_jpg.rf.0fb72a6884a61dfdaa7622ad422f6013.jpg,448,448,1,261,272,278,316
ck0u0y7byrnvd0794vpqdexro_jpeg_jpg.rf.0e773cc3a5f32b60039fc5204dcea00a.jpg,448,448,0,218,65,358,248
img_731_jpg.rf.0bfba9cd5208c3e62eae0da311a4a70b.jpg,448,448,1,305,0,447,260
ck0rp8d7p858s0721qrjixerv_jpeg_jpg.rf.0db5a2d619c429883a706fee31012baf.jpg,448,448,0,133,190,148,209
ck0km26n78w6b0944d8vapoyy_jpeg_jpg.rf.0ec82bf1b71a8d32ef762ec7a17436d9.jpg,448,448,0,301,213,424,269
ck0qdf4hwkrzf0721pwn991sv_jpeg_jpg.rf.0eda4b4050ec96af41790b8207e03db2.jpg,448,448,0,220,77,349,244
img_125_jpg.rf.0d6644be34be36d19a2ed1a57d6142fd.jpg,448,448,1,216,36,284,102
img_125_jpg.rf.0d6644be34be36d19a2ed1a57d6142fd.jpg,448,448,1,22,213,99,311
img_445_jpg.rf.109b088a4fcaba27e7e97fc174e2417d.jpg,448,448,1,54,47,233,352
img_260_jpg.rf.0f3eaf5a2c0de2b56c5d2a96c5ac4e07.jpg,448,448,1,109,38,438,416
ck0ovrdff7ir20848kelskyn8_jpeg_jpg.rf.0aa5156b59664a42dc50d61f337464ae.jpg,448,448,0,218,106,392,242
ck0u0gs1d71m70848obwsy04a_jpeg_jpg.rf.10ca7744e25aeb8466acbb9e1f901ccb.jpg,448,448,0,127,220,162,277
img_641_jpg.rf.0b5b9ec89151726b16dd40fef4505659.jpg,448,448,1,258,183,316,245
img_641_jpg.rf.0b5b9ec89151726b16dd40fef4505659.jpg,448,448,0,134,1,322,179
img_768_jpg.rf.0e69ba51ce73c0dee69ea05553c59dd6.jpg,448,448,1,280,0,448,274
ck0t4s7ibnk170944ffcd9q57_jpeg_jpg.rf.024799437e9506cef03e9d0c2fd8224e.jpg,448,448,0,156,188,212,227
img_393_jpg.rf.10d136343248b5d713ef161bac81f887.jpg,448,448,1,262,282,323,415
ck0t1ywwdmqkf0944mhiw5huk_jpeg_jpg.rf.10093037964fb363898b367a29968bc0.jpg,448,448,0,91,213,166,268
ck0kcju199xgd0721ljl6cd2n_jpeg_jpg.rf.0c2e6614abe9c4ad9da05dcd9342c7f5.jpg,448,448,0,138,192,150,215
ck0kkep0vb0nz0721g3sq0a4g_jpeg_jpg.rf.10d2dd2afdeabfad93a068f3958053ce.jpg,448,448,0,227,194,278,233
img_661_jpg.rf.1112ac2e0ed3b1b0a7f65c1bbba0ab20.jpg,448,448,1,3,3,186,300
img_661_jpg.rf.1112ac2e0ed3b1b0a7f65c1bbba0ab20.jpg,448,448,1,191,1,447,301
ck0tx0999u6br0944s68atde0_jpeg_jpg.rf.10941ab652544708837ef50f4bf0aba0.jpg,448,448,0,167,239,368,294
ck0lxdhtohhdr0944vck0s787_jpeg_jpg.rf.113fff7de4653e384d25674687509375.jpg,448,448,0,151,193,181,218
ck0nctujv31lz0794ow6lj285_jpeg_jpg.rf.1190748b28877476768f2aed862999a6.jpg,448,448,0,64,212,179,271
img_758_jpg.rf.12e8ec92602c3a61bdc44f59824ffd57.jpg,448,448,1,275,0,446,259
img_375_jpg.rf.11f45dd8cbc4342d9d5bb5b14d76d5d0.jpg,448,448,1,279,205,347,402
ck0ndy9p207ai0738n7khflbr_jpeg_jpg.rf.11ccc23ccf0e2b80f96f3ce1a0cca7c4.jpg,448,448,0,224,207,289,236
ck0tt357asc4k0838zbkl0wrd_jpeg_jpg.rf.148f16f686f289ba7ecd0892fcf29c72.jpg,448,448,0,76,178,135,296
ck0kht0vs5k2r079428olg3jt_jpeg_jpg.rf.12e3ea5f5a3fd0703ffa35ae9d47216c.jpg,448,448,0,129,191,153,209
ck0ncvnd332hj079400vhocib_jpeg_jpg.rf.170d42c098936d675e349ee1315bbb1f.jpg,448,448,0,1,159,112,303
img_747_jpg.rf.166ddacd90e099080117cbc747982f7f.jpg,448,448,1,302,0,446,242
ck0kd8g4e9zka0721qprbwtsa_jpeg_jpg.rf.1649c69d7df682c6018c7e09b61b7036.jpg,448,448,0,137,191,151,212
ck0khsg8rangi07215h1hso72_jpeg_jpg.rf.12c2cdbc02d824b43b20ce05bd4e5e46.jpg,448,448,0,135,192,147,215
ck0tsymgpsbmm0838ci72jvcf_jpeg_jpg.rf.13788beebdfa3a2c7970089e61595fc8.jpg,448,448,0,68,209,190,269
ck0nexpddii7b0a463cb74ti7_jpeg_jpg.rf.168edf00c5a7fc434352986fae8f7ac5.jpg,448,448,0,328,200,430,268
ck0kovirm99fg0944fdv57hd8_jpeg_jpg.rf.136ba9ef8f11e7cf579dc0bec58b80b3.jpg,448,448,0,214,149,373,239
ck0na5s461w2n0794ifd5c5cs_jpeg_jpg.rf.1875c5a5f0dacbb8bcbef418f87fdeeb.jpg,448,448,0,216,131,415,243
ck0l9fr16nhu20a46eqv4fvr8_jpeg_jpg.rf.1690074bad04c25de12028a89be87185.jpg,448,448,0,348,190,446,244
ck0kdvg6tj4hn0a46k06job5k_jpeg_jpg.rf.17c195143fe327f5ca1a63a5f631477f.jpg,448,448,0,67,191,235,250
ck0u0ihp7sq1z086335c6h592_jpeg_jpg.rf.17b40186b597b9e32cf9bb5ab5b61902.jpg,448,448,0,1,16,115,303
ck0t7cnx9n84208386ufrbnj2_jpeg_jpg.rf.16a83dffac1b39e3288651809b9fd3e9.jpg,448,448,0,91,203,127,266
img_386_jpg.rf.14f2bdb68d24f8add4df4f705328eef3.jpg,448,448,1,274,255,335,424
ck0txw47261iz0a46k76oyfzj_jpeg_jpg.rf.172c33c21c64da8bbf762cf92a6a28b3.jpg,448,448,0,60,215,186,270
ck0rpimt3ifig0848hijlm44t_jpeg_jpg.rf.18ce0a2c7eef6b3bd2d51463dcfc205b.jpg,448,448,0,89,170,148,296
ck0uiwjhb843y0a46w2o985sl_jpeg_jpg.rf.195bf0d22b4008d34c246a55b4d7ccaf.jpg,448,448,0,214,129,408,241
ck0km5x3u9r910701d3yfjhtv_jpeg_jpg.rf.17f3af45f2724c11484cba1ddf607e32.jpg,448,448,0,123,191,149,209
img_411_jpg.rf.1946783660258bfb355b9b923c00c98a.jpg,448,448,1,50,0,376,172
img_713_jpg.rf.1a24d8919fdbea0220b214a1cf149be4.jpg,448,448,1,291,0,446,139
ck0koqsqta39h0701f6xas96g_jpeg_jpg.rf.1a800165188ef26a5b8a45515337eb57.jpg,448,448,0,229,192,337,234
img_415_jpg.rf.1b3245b73a7067af337c78e4fd184f17.jpg,448,448,1,50,0,397,187
ck0txvtlisck20863fbb7u1gc_jpeg_jpg.rf.1c1e858337b5e9f5b41ba220fb3b1018.jpg,448,448,0,21,262,110,311
ck0tzxdcpslr10863f9172aju_jpeg_jpg.rf.19a9837603fd21d8f05b1e8d6c16ebde.jpg,448,448,0,230,196,303,231
ck0kkzzufk6zy0a464la26n1c_jpeg_jpg.rf.1d02ebc22369a5b6d9ff23780f4c1c8e.jpg,448,448,0,69,215,190,268
ck0t7o8ovlpsl0794ci1p3k3a_jpeg_jpg.rf.1e209057b42eec805af739a09f0a39f4.jpg,448,448,0,219,144,317,236
ck0qc5zvxk5mi0721s96pwrwt_jpeg_jpg.rf.1ae97494797e6c0ed351e8cbfbfedba8.jpg,448,448,0,120,189,154,213
ck0ujob3n85zc0a46r0pdmhoy_jpeg_jpg.rf.1d029c54303ad0f261f1977506ffc42e.jpg,448,448,0,282,261,365,296
img_666_jpg.rf.1f4f48e2ccc96a32f881ff0591a7c3c1.jpg,448,448,1,181,3,283,309
ck0lx8c34u38a08480v1hz7dz_jpeg_jpg.rf.1c0b15c0b3ff70af96b6d140391a7247.jpg,448,448,0,218,43,343,247
ck0m0f8x4hwsq0838adn9hkti_jpeg_jpg.rf.1e0f4100719c4cb061a48e33d2c43ec7.jpg,448,448,0,157,187,211,222
img_382_jpg.rf.1e544d58a4307b780c60f47d3956db70.jpg,448,448,1,262,237,332,419
img_444_jpg.rf.1d507bc84e36663ba948c1a6af27ff00.jpg,448,448,1,51,1,390,293
ck0txwk8k6owz0848gejqchq8_jpeg_jpg.rf.1f4a580dfd55809453d6ad32b3880622.jpg,448,448,0,0,44,117,303
ck0khrzkh940s0701k1i2tfe3_jpeg_jpg.rf.1d24c0b3570bcaee97b048c9536a8983.jpg,448,448,0,115,233,206,264
img_357_jpg.rf.225884a6410189793ecff81a83d99052.jpg,448,448,1,270,155,326,387
img_822_jpg.rf.1badec764cfee892ddca88c47fcbb221.jpg,448,448,1,100,259,448,332
img_822_jpg.rf.1badec764cfee892ddca88c47fcbb221.jpg,448,448,0,2,0,444,240
15_jpg.rf.217b657ee3454b40c135d2be916e37f6.jpg,448,448,1,1,0,447,326
img_778_jpg.rf.20aaeda3054cd26f9b3439e86f6ac32b.jpg,448,448,1,274,0,448,292
ck0txsj116ojr0848emet52dc_jpeg_jpg.rf.209be0d5cc392d2f3ae6fe0cbd9f550e.jpg,448,448,0,116,219,240,263
img_145_jpg.rf.1f5ee515baa62885c8cc4e6e0ec4e79a.jpg,448,448,1,8,196,111,326
img_646_jpg.rf.1f666f053ca5b1c7c6bbb7fe08df29cd.jpg,448,448,0,146,0,330,175
img_646_jpg.rf.1f666f053ca5b1c7c6bbb7fe08df29cd.jpg,448,448,1,258,173,307,247
img_364_jpg.rf.22f285ebbdb21d1943a4e6a85a58a627.jpg,448,448,1,288,174,346,393
ck0lx3s62sysz0a46pq7rsuuw_jpeg_jpg.rf.20b96a1564d5a3a2bea6f98feeaedc45.jpg,448,448,0,323,181,378,228
img_104_jpg.rf.203ea186a33b66e12064f52c68a9d273.jpg,448,448,1,3,199,99,325
240_jpg.rf.242a32a5b9fe02f8e7bf5147df309352.jpg,448,448,1,197,35,428,448
240_jpg.rf.242a32a5b9fe02f8e7bf5147df309352.jpg,448,448,1,26,221,112,295
240_jpg.rf.242a32a5b9fe02f8e7bf5147df309352.jpg,448,448,0,134,46,195,221
img_769_jpg.rf.2364eade9133956ba67933a199ab63b0.jpg,448,448,1,280,0,448,274
ck0t2zodcyvqs0a46wwxb53xm_jpeg_jpg.rf.225d04838ad819d3dc5f3cb9d4450c25.jpg,448,448,0,162,190,215,223
img_772_jpg.rf.23485812069c30f482aaa5dd2272011c.jpg,448,448,1,274,0,446,278
ck0qdhfh1uks20848pclbrty6_jpeg_jpg.rf.258ae4a727221c895eebbd5cb7174ff2.jpg,448,448,0,317,217,382,234
img_448_jpg.rf.21b328428cd9a3540d752272c0db9798.jpg,448,448,1,252,142,348,321
ck0t2pyk3l0ym08636r4hqnty_jpeg_jpg.rf.249ca0177fb4dcc8ab5e26fdaeba4983.jpg,448,448,0,213,179,298,234
img_636_jpg.rf.25cbfbec96f2d0f70bb1f0fce2e4a81c.jpg,448,448,0,139,0,325,165
img_636_jpg.rf.25cbfbec96f2d0f70bb1f0fce2e4a81c.jpg,448,448,1,261,156,302,244
img_423_jpg.rf.26dc0a41cf8a8a7ab853c4eec71a7e78.jpg,448,448,1,289,1,401,341
ck0l8culveaqb0721xkucococ_jpeg_jpg.rf.2677736287acf66068553173c5eaf9e6.jpg,448,448,0,127,192,151,208
ck0rr6bfa9b3w0721aw5unwdy_jpeg_jpg.rf.26ac1797331fe0d49507e8dc6c83f726.jpg,448,448,0,169,190,217,228
ck0kkgh0ik3y20a46kzrit8v2_jpeg_jpg.rf.261f625a4ef18c87958780c3603f6472.jpg,448,448,0,346,184,383,233
457_jpg.rf.28700817df183af814f57d5014ca63d3.jpg,448,448,1,142,199,180,276
ck0kl3bjt5xyz0863ru5wbw27_jpeg_jpg.rf.26240dadc23ba5bf7866cb59768b6bfc.jpg,448,448,0,91,196,129,271
img_95_jpg.rf.285f4c8a2e3e6bae1e6fd9373d0dfc89.jpg,448,448,1,7,244,165,448
img_95_jpg.rf.285f4c8a2e3e6bae1e6fd9373d0dfc89.jpg,448,448,1,193,2,337,412
ck0lxi2vsiexh0701c7jcu934_jpeg_jpg.rf.2987ceae3ea94c78f47e099e5126c738.jpg,448,448,0,1,66,117,302
img_669_jpg.rf.287ac967d8498713a7ace7f6e14072af.jpg,448,448,0,84,0,362,314
ck0txvj9m6otr0848fayj9tte_jpeg_jpg.rf.24c52e898d779681d5f04d95f36ee2a7.jpg,448,448,0,129,236,157,272
ck0kmi7k47m0i08380dwkjuc1_jpeg_jpg.rf.29d42c9fa4af2950d7cfdafe6b8db464.jpg,448,448,0,348,192,409,232
ck0rp6xx53tvu0863dmbu45el_jpeg_jpg.rf.27286908a1daec65bb0a9658d29ebd2c.jpg,448,448,0,135,195,149,211
img_907_jpg.rf.2b08621a31dbd37afb6c246ccb4aff7d.jpg,448,448,0,59,43,448,382
77_jpg.rf.2bc80c2e6a73b1fc604b4aa49179152e.jpg,448,448,1,16,153,365,361
77_jpg.rf.2bc80c2e6a73b1fc604b4aa49179152e.jpg,448,448,0,4,11,434,190
ck0kfjen48qhj0701wjkosmel_jpeg_jpg.rf.2b20ab2cf8d74285247244b9b0601b78.jpg,448,448,0,213,144,331,243
img_417_jpg.rf.28d0438718424fb9352bb2b4f2b23252.jpg,448,448,1,53,0,399,283
ck0t6z888oklq0701ri4jser9_jpeg_jpg.rf.247c33a7d8619f5c605867daeb4a9a54.jpg,448,448,0,137,191,151,210
ck0tyxvkx6t1d0848kk4vfkrb_jpeg_jpg.rf.2ac2c28eb2a840beb5bb4152a76b9ff1.jpg,448,448,0,229,191,310,237
ck0kmtk7c90w60944bjhqhm4j_jpeg_jpg.rf.2b4e40d6755e235e543b95fefdbddd6c.jpg,448,448,0,189,193,217,225
ck0l95c8fegck072116xdbwp6_jpeg_jpg.rf.291cd21569e19c9d253f0b24645ac133.jpg,448,448,0,350,233,444,272
ck0txx0ddscoq0863bm1ntw9g_jpeg_jpg.rf.2af6b0f661d988604aca395ac8c526ab.jpg,448,448,0,350,235,445,273
ck0tzh0mmsjb70863m9jdqypg_jpeg_jpg.rf.2a42584e3f19bb80d9c61fdd29f19d8a.jpg,448,448,0,216,78,362,241
ck0kp6k1p6lxe0794by4thy6r_jpeg_jpg.rf.2bdf1d177db15726a0154044291e5612.jpg,448,448,0,181,196,216,229
ck0txg39r6n250848puinmu6k_jpeg_jpg.rf.28b771d7f2fa72ae7b111daefe2e18bd.jpg,448,448,0,197,202,214,225
ck0txxd8f6p0l08484tupben9_jpeg_jpg.rf.2be6673738b61c8de886caad11f2f753.jpg,448,448,0,227,194,293,234
ck0lxcldkid0h0701q2hvnu98_jpeg_jpg.rf.2b21e7a37a06008be30a659645fadc16.jpg,448,448,0,138,196,152,215
img_418_jpg.rf.2c51f2741d9254741afa1621252e5c89.jpg,448,448,1,52,1,398,395
img_744_jpg.rf.809d069634f67cca5a1922df072a6a98.jpg,448,448,1,275,0,446,265
92_jpg.rf.80b5e72fdcf6e671b357702582805d3f.jpg,448,448,0,0,0,407,288
ck0rr05k797je0721hrz4bw9e_jpeg_jpg.rf.810941189d25021e1b288a629f601636.jpg,448,448,0,350,172,445,251
141_jpg.rf.81625a9961330a78ac9ce1a58d13c51a.jpg,448,448,1,201,72,358,233
141_jpg.rf.81625a9961330a78ac9ce1a58d13c51a.jpg,448,448,0,33,0,351,57
141_jpg.rf.81625a9961330a78ac9ce1a58d13c51a.jpg,448,448,1,222,402,234,420
141_jpg.rf.81625a9961330a78ac9ce1a58d13c51a.jpg,448,448,1,270,252,309,378
141_jpg.rf.81625a9961330a78ac9ce1a58d13c51a.jpg,448,448,1,149,0,196,89
img_728_jpg.rf.8165261e8f660ca574b5c0261dc125f2.jpg,448,448,1,332,0,446,244
ck0twi6d05v8f0a469q54h3iq_jpeg_jpg.rf.81ceebbb51bc512a3bfb778c03a352f4.jpg,448,448,0,134,183,212,219
img_398_jpg.rf.822d0f67004f1da7d30ab15db2c8d1ab.jpg,448,448,1,268,307,319,424
ck0ounp7qrrb80863c0xidr4j_jpeg_jpg.rf.82321ed2e475e4d0b08a0cf4324b8b7b.jpg,448,448,0,284,178,388,227
img_102_jpg.rf.826fc4bbe52cfdb37a6372890d3ae6cb.jpg,448,448,1,136,0,300,98
112_jpg.rf.827880f69f4d033a5004aa34680b03d2.jpg,448,448,1,106,132,394,316
112_jpg.rf.827880f69f4d033a5004aa34680b03d2.jpg,448,448,0,29,0,387,121
ck0ovtzvntedo08385kjpyx6a_jpeg_jpg.rf.8288b0e91626e729de41761cafd39016.jpg,448,448,0,196,199,216,222
ck0ukjupkwhfa0944r6gu3mh8_jpeg_jpg.rf.82c012dafc1685e4b88bf6de67ee575e.jpg,448,448,0,347,229,402,274
ck0u98ba1xzpe0721rgjjjun5_jpeg_jpg.rf.82f6386c331dc11b673b3059c9cb3866.jpg,448,448,0,348,233,446,271
ck0ndoj9r8u8w07216trgrwuz_jpeg_jpg.rf.831fbeef453e7809c9d1e04d81e19cf1.jpg,448,448,0,330,194,430,268
ck0ukgesfwh7f0944smkfpncd_jpeg_jpg.rf.83ab395d79abdad978d1525effc7ae10.jpg,448,448,0,155,195,190,225
47_jpg.rf.83d78916e0f3d5f2c29bd9058a08d195.jpg,448,448,1,38,75,195,305
47_jpg.rf.83d78916e0f3d5f2c29bd9058a08d195.jpg,448,448,1,288,128,365,276
47_jpg.rf.83d78916e0f3d5f2c29bd9058a08d195.jpg,448,448,1,378,3,448,280
90_jpg.rf.83f4c3d0fc44503a65396ef27a96bf92.jpg,448,448,1,4,41,442,374
ck0oumds8r2ws0794yqsnls8v_jpeg_jpg.rf.844b653ffa18bc2707747884d2af9653.jpg,448,448,0,228,193,284,234
img_116_jpg.rf.841dbe703a4b2af834dda07cd0e95f62.jpg,448,448,1,1,185,102,329
img_719_jpg.rf.8492482c945bbf96de061be60c1ff7c4.jpg,448,448,1,272,0,446,221
ck0u0jzlqsqbn0863uii3azjh_jpeg_jpg.rf.855b017ed13b972f1a3519d8616530b6.jpg,448,448,0,231,188,292,236
img_614_jpg.rf.851174d830387e7b4a604ef5258929c0.jpg,448,448,0,200,0,354,185
img_614_jpg.rf.851174d830387e7b4a604ef5258929c0.jpg,448,448,1,257,187,304,247
ck0rp95tf2vg70794wbjk2kk3_jpeg_jpg.rf.852fc6f60aa42f1ac04fe8ea07109902.jpg,448,448,0,128,228,170,276
ck0t782sh0yo80848y50f5ugf_jpeg_jpg.rf.85da0d0af2f54e991734edc6618f4797.jpg,448,448,0,228,208,286,233
ck0qb7vltsvwp0a46e656bv6u_jpeg_jpg.rf.866ea118dcea6388a1059748cb211f78.jpg,448,448,0,117,237,235,264
ck0nfpjig5u9z0838mgcq82oz_jpeg_jpg.rf.861e1311fc87674034a04ffca2240b5c.jpg,448,448,0,349,233,445,274
ck0ujwlr98tkt0848fudx9cb3_jpeg_jpg.rf.85df6ea176d5f8b027ecb86d5823d253.jpg,448,448,0,227,191,371,236
ck0oukw23toun0944nstsyx8g_jpeg_jpg.rf.8802b4f473ae2d865e4792ebf3129dba.jpg,448,448,0,27,260,125,307
ck0l97837c0ta0944wnryuimb_jpeg_jpg.rf.86227887aa1d0da6153605bd7289bfd8.jpg,448,448,0,332,182,367,228
ck0ndxi6w6j5f0944tbx465xr_jpeg_jpg.rf.86a764ff8a395937dfa4bbf151627577.jpg,448,448,0,166,240,367,297
ck0t7cczuqxtt07212nj5eznh_jpeg_jpg.rf.88fd71183058aefc9844bd3274145b0a.jpg,448,448,0,300,181,380,225
ck0ujedh4wiln0701x3dugshl_jpeg_jpg.rf.87411df12fd890c680759a9b46db6736.jpg,448,448,0,166,186,216,222
img_243_jpg.rf.87fc9d7be9d45138aa10ab6f9f1257f4.jpg,448,448,1,289,118,437,418
img_804_jpg.rf.89170c9a7efefc5c304bae5428277e25.jpg,448,448,0,72,0,390,440
ck0tx3bpm5y140a46ul6hlru8_jpeg_jpg.rf.873bdd8173e72eb1dfd8413fe0ccaec8.jpg,448,448,0,343,200,378,233
img_606_jpg.rf.89672de192ae9e10c7cdec5634fba7b7.jpg,448,448,1,272,194,298,249
ck0tzox41umlv0701crxo159j_jpeg_jpg.rf.882362369a84ac7e3fad6a77f0fac17f.jpg,448,448,0,154,191,178,221
ck0kcnh1p4uns0794bs53wqam_jpeg_jpg.rf.89f44bdd059fe4b10688c9720b95d984.jpg,448,448,0,240,246,366,297
ck0tyfppk6qqc0848u6xtpzgx_jpeg_jpg.rf.8a53715271e5da3801aa4c59cb3d144f.jpg,448,448,0,218,97,364,241
ck0lxeugahhve09449l5anbuj_jpeg_jpg.rf.888c4f4b356d5cdc74553ddb1ad47d35.jpg,448,448,0,115,224,356,273
ck0rqqw9o6t8x07017cthtiom_jpeg_jpg.rf.8abc1085f536b5e2a92e19ec02597507.jpg,448,448,0,329,179,370,226
ck0ndqvn48v820721miq46qnl_jpeg_jpg.rf.8a46777a3c9337a7364eea9d7e1a41a6.jpg,448,448,0,141,193,153,209
ck0ovvrza6e0e0a46doaio091_jpeg_jpg.rf.8b2a528d4eb5c6fd33083a9858d80b93.jpg,448,448,0,319,214,389,234
ck0nfms4c59l108632rf19agc_jpeg_jpg.rf.8b7f1580b7fdd93026dc167e1527b1b5.jpg,448,448,0,135,193,146,210
img_107_jpg.rf.8b1729e672d756c1f123d071acb0e611.jpg,448,448,1,0,172,130,328
img_746_jpg.rf.8c48a8a141d887618c5e76528e57db51.jpg,448,448,1,276,0,444,248
ck0qd918zic840701hnezgpgy_jpeg_jpg.rf.8c33ecaaf3419a291786f25498cf54fa.jpg,448,448,0,122,161,294,289
ck0tzpygswuae0721bhuvjofj_jpeg_jpg.rf.8e048c298058d8125f7e12cfbeddbb3a.jpg,448,448,0,119,228,307,267
ck0kcsfho4r010863q5sjbub6_jpeg_jpg.rf.8dbc6d95d3c850519aaf7f3baa658626.jpg,448,448,0,307,182,379,228
ck0qc86fnk6ox0721cb5kg3tl_jpeg_jpg.rf.8cef3e263aed8a5c9dd9682a11012f84.jpg,448,448,0,128,226,164,271
img_742_jpg.rf.8e7cdd73ed9ccced742a6e0130b753ec.jpg,448,448,1,280,0,447,252
ck0rqiv7l57ak0838i1l3rovg_jpeg_jpg.rf.8c1c296c06f35df17e502e679b2183e2.jpg,448,448,0,130,189,151,216
ck0kkthj17c9g0838c3vjfndl_jpeg_jpg.rf.9306fffcdfcb895ecfbd577a7fe55107.jpg,448,448,0,68,203,254,253
ck0oul6eyrpa408637g72xnc4_jpeg_jpg.rf.92ac9d58c3bace72a4f003628237a788.jpg,448,448,0,48,220,187,271
ck0l9d0tt981g0863dmttkl8h_jpeg_jpg.rf.9283ca14e33c6155250be7f29445d7b1.jpg,448,448,0,275,204,327,229
ck0nf4rw3093h0a886by1nwca_jpeg_jpg.rf.91c012fb2987907e8c6e84a0d0a0c588.jpg,448,448,0,136,189,148,213
ck0rplig25z1n0944kpecwx3o_jpeg_jpg.rf.9060e79e79b7ec5afbb08e6aa8fc7493.jpg,448,448,0,217,150,368,237
img_241_jpg.rf.911781b1f689be9ab8f9abba389411c3.jpg,448,448,1,319,254,438,417
ck0na7z5a7deh0721q2xhjvl6_jpeg_jpg.rf.935e9aa2f77729cec4d1406e813e175e.jpg,448,448,0,152,188,208,222
ck0qc7df7fjr30863hqmtj5i3_jpeg_jpg.rf.933ba7b8714c76d8f20d280ac530255d.jpg,448,448,0,129,192,149,208
ck0txus39scfk0863py0w15qb_jpeg_jpg.rf.9309aafb2ec839d15e4fd602b48d7944.jpg,448,448,0,133,193,149,214
ck0tt2h2btoz109449lxjh5hi_jpeg_jpg.rf.8f3c5bb8dcbee1bc679829a5a2734624.jpg,448,448,0,81,203,132,293
ck0l8drn7ahtr08388pnkoq7o_jpeg_jpg.rf.91a1aceb2202319c6d29b5ca6abd1294.jpg,448,448,0,351,247,389,271
img_370_jpg.rf.9445db806b62655e9e16cac74da95dee.jpg,448,448,1,286,238,340,413
ck0tyhipjwo1707211p8ov4bm_jpeg_jpg.rf.9530153daafed10ac08412d112bee784.jpg,448,448,0,308,207,390,235
img_774_jpg.rf.98625c855431df9c70bfed02b2e464f5.jpg,448,448,1,275,3,448,276
img_103_jpg.rf.9867d73cf9feb9890042b8e3c3fea5d6.jpg,448,448,1,121,0,274,83
ck0qd7oxtgwug08385hhoh6c6_jpeg_jpg.rf.938d029b413ea14daf1f6cff80320ef3.jpg,448,448,0,88,170,122,266
img_730_jpg.rf.9532a52f340794cf622162b48ec0b2f5.jpg,448,448,1,338,0,448,236
ck0na43fc1vfh0794pxban58i_jpeg_jpg.rf.98951061ebab452200909d0a4cb6e9db.jpg,448,448,0,36,150,309,289
ck0ug3gjz7wk00a46ikj346zv_jpeg_jpg.rf.9370b0fe0e385ca67a92e62fccc3a36c.jpg,448,448,0,82,94,201,301
ck0qc8ib3k6v40721gt60o67m_jpeg_jpg.rf.93f272620258222e868c99a03e016adf.jpg,448,448,0,347,277,368,296
img_143_jpg.rf.979026f94f7802a1271795eb95dea1c2.jpg,448,448,1,87,145,134,220
img_143_jpg.rf.979026f94f7802a1271795eb95dea1c2.jpg,448,448,1,9,196,83,321
ck0l9434gamzj0838n5rjdp1a_jpeg_jpg.rf.9906d05e1e3e1a2a3949514c82e5409b.jpg,448,448,0,1,25,106,310
img_786_jpg.rf.92ab9d2a8eb09ea230defce5be67f94e.jpg,448,448,1,278,0,443,280
img_773_jpg.rf.98f6ce2ee0c1177afbfb1c0bf5fd45ce.jpg,448,448,1,276,0,448,278
ck0nfuci585lm0701jw9i5zhj_jpeg_jpg.rf.9961ca21ca98a19356c01763f28711cb.jpg,448,448,0,179,208,296,290
img_645_jpg.rf.9ab2b2ee4d399804ca173f1b3727e808.jpg,448,448,1,260,162,301,243
img_645_jpg.rf.9ab2b2ee4d399804ca173f1b3727e808.jpg,448,448,0,141,0,327,165
ck0lxhudct3ac0a46446v80ie_jpeg_jpg.rf.9b87e5ef5d6c0dffdfd71cc23c6a1132.jpg,448,448,0,349,233,445,273
ck0kepbs9kdym0848hgpcf3y9_jpeg_jpg.rf.9a67dedae9a4a5fe820462b3664cac85.jpg,448,448,0,58,208,191,267
img_387_jpg.rf.9d619d41e89d5ebcefb3fda8a6aaeaeb.jpg,448,448,1,264,298,336,424
img_608_jpg.rf.9c9b607aaa50ea1a4871a32bfdb686bf.jpg,448,448,1,267,215,299,250
img_608_jpg.rf.9c9b607aaa50ea1a4871a32bfdb686bf.jpg,448,448,0,246,133,308,229
img_413_jpg.rf.99e2f8eea58e0b59d0443dfd6bb12c0b.jpg,448,448,1,48,0,398,142
ck0lx9h4ejxlm07213g6pz1n5_jpeg_jpg.rf.9ca8d5ccd4c9a4a0cb3e8cc17e5daeb8.jpg,448,448,0,61,215,115,247
ck0u97a47vo2h0944rwxehqpl_jpeg_jpg.rf.9cd99bcb8b6e8bab596c871843e1bd4a.jpg,448,448,0,1,11,116,314
ck0t734s0mizv0863sujq0i7p_jpeg_jpg.rf.9ec310942345ac43e218765ffe101e42.jpg,448,448,0,57,199,183,276
ck0m15edijrbs0944olo8aqra_jpeg_jpg.rf.9b4a12f593d54c88a661a835d3ce184e.jpg,448,448,0,132,192,146,209
ck0ty7yegwn140721h5wixp2h_jpeg_jpg.rf.9de00bbdef8d9ed9501b88d35116e1e7.jpg,448,448,0,82,176,142,296
ck0qb93azjo480721ojf86ytj_jpeg_jpg.rf.9d0a64e5a2e22a8c2b5163ffec3804af.jpg,448,448,0,126,192,147,207
ck0kmgevm69ac0794mihosd3p_jpeg_jpg.rf.9c349e60619c05e90c29a76ff5e67333.jpg,448,448,0,232,192,317,236
img_757_jpg.rf.9558b50575cdf67d2d08ea468a400feb.jpg,448,448,1,280,0,448,264
ck0rqlgco58j50838724x6rym_jpeg_jpg.rf.9b522630aaae9a397450b544ff2861be.jpg,448,448,0,179,239,366,297
ck0u14y7arp5c0794llhscme5_jpeg_jpg.rf.999e1f7bf03a642843867eba4933ae32.jpg,448,448,0,134,221,167,277
ck0lwlv9fjpfg07217xwy7qne_jpeg_jpg.rf.9e48cc567777b5022d948154d9c03fb1.jpg,448,448,0,224,191,355,235
ck0nf3wev47fm0794xfr1xuhs_jpeg_jpg.rf.9ef097655fa62ca8475d383f01c86aeb.jpg,448,448,0,154,190,180,221
ck0lx7plvg1e50838ps3cuu9h_jpeg_jpg.rf.9e24ff09feb0e3f8a8c46c9ef2e07e43.jpg,448,448,0,218,138,361,246
ck0tt3hm6tsh90701m4t0sq7e_jpeg_jpg.rf.9be04488d68e44ed160811f0122d87e2.jpg,448,448,0,192,216,293,287
ck0rr4nj43za20794o7o3btuw_jpeg_jpg.rf.9f1bfc5011250131fb1e6086d086173f.jpg,448,448,0,216,57,358,241
img_422_jpg.rf.9e55ab9c4d2e87e131425c43187d169d.jpg,448,448,1,251,0,397,372
img_83_jpg.rf.9f92b581bc19dfdfaa987498017c79fd.jpg,448,448,1,3,9,351,399
ck0tyt1orui7t0701sxkqcrnt_jpeg_jpg.rf.a03d34759c55d9ae032d23d94e87b442.jpg,448,448,0,105,188,147,213
img_146_jpg.rf.9f1f8cdadfd49bbba7933250e066ff80.jpg,448,448,1,14,201,108,319
img_146_jpg.rf.9f1f8cdadfd49bbba7933250e066ff80.jpg,448,448,1,94,96,112,142
ck0nf4ks0js7z0848cku0h6t5_jpeg_jpg.rf.a00f2ed7587fbbbe295c4c741339ce23.jpg,448,448,0,152,166,175,219
img_343_jpg.rf.9f8963e90b6aea2410cf526dc68a9b09.jpg,448,448,1,296,281,328,397
347_jpg.rf.a0915a96ba6d3d41244545dceca7d20e.jpg,448,448,1,138,141,348,299
347_jpg.rf.a0915a96ba6d3d41244545dceca7d20e.jpg,448,448,0,133,2,347,137
ck0u0iymarljc079432rld6ur_jpeg_jpg.rf.a51b15e5748eca5762544939e53f0b87.jpg,448,448,0,240,253,369,295
ck0lwg0retsfg0848hqi60tlt_jpeg_jpg.rf.a679fd5a4147960c2427406cafad300c.jpg,448,448,0,133,191,150,208
ck0tyv5y2wpox0721volr4z26_jpeg_jpg.rf.a523d6010bde6b3f8f6ea5b9db03c861.jpg,448,448,0,49,211,196,272
ck0qbnoibg4ip0838na1tnqe8_jpeg_jpg.rf.a28231b9fb1f2731daa5c7bb1263de31.jpg,448,448,0,279,177,381,225
ck0t2wfsipdoc07218586ezt0_jpeg_jpg.rf.a601c25fd85528001ffe04c8ce84d417.jpg,448,448,0,214,40,352,244
img_362_jpg.rf.a3b4e94e69860b48d22fb518d14067d7.jpg,448,448,1,257,161,339,393
ck0nd98ujhlfg0a46hhco18rf_jpeg_jpg.rf.a138532fe610d9b8e2e35a9cd8411e5b.jpg,448,448,0,214,236,312,284
img_424_jpg.rf.a18c421b70187a7d468571310401303e.jpg,448,448,1,50,3,396,290
ck0kfm0ie6jf7083851froruk_jpeg_jpg.rf.a6e5f9c95942151d78abfb983f76662c.jpg,448,448,0,66,191,256,249
ck0qb7h0asvnf0a46l0myka01_jpeg_jpg.rf.a42c1e50782f3ac46a89393ee2bbb033.jpg,448,448,0,130,191,147,210
img_385_jpg.rf.9f0211ca4cdded4bc3a88dfab2cbd145.jpg,448,448,1,255,251,331,418
ck0nfxm5e5gq50863tqwxrgft_jpeg_jpg.rf.a10e86e48c5b64d47628e9573f41dac9.jpg,448,448,0,218,126,333,244
ck0kdox8w69td0838i6leuzy9_jpeg_jpg.rf.a91cafae9a57ab6efc2d92d5ff3ad449.jpg,448,448,0,86,200,133,292
img_447_jpg.rf.a82e9ea06e5f438d7f766d54aec4a615.jpg,448,448,1,167,145,278,358
ck0kosbce7vpn0838c5telfw3_jpeg_jpg.rf.a93f670c5a2dcd4ae6edfb2e50920018.jpg,448,448,0,273,206,302,229
ck0rp7n2684q30721hrzu5r15_jpeg_jpg.rf.a88fb84cb31b331af98a971ad857b7ba.jpg,448,448,0,129,190,148,213
ck0kksymy5z9j0794x0i3rdvo_jpeg_jpg.rf.a83ca214bfe6fffa6c10a9f6a3454081.jpg,448,448,0,197,199,215,225
ck0ug28sbusje083872me6leq_jpeg_jpg.rf.a961739adc2bc199ecf6bfad4887b89b.jpg,448,448,0,271,200,327,229
img_136_jpg.rf.a95b1aa0bdae4bdd387cabdea3a2db32.jpg,448,448,1,0,165,83,319
ck0rqdyeq4kxa08633xv2wqe1_jpeg_jpg.rf.a8b3e0a6102361cdc8a264cb9c87820d.jpg,448,448,0,216,67,365,241
img_711_jpg.rf.a23204be567cbd7cace83cc53cf6b050.jpg,448,448,1,388,0,446,108
ck0km415y8wk90944mab9i4lr_jpeg_jpg.rf.a9ac343a393f19743c9aac36c980c085.jpg,448,448,0,126,190,148,211
img_134_jpg.rf.a1814cc1f9db8c3eb8be11993cde6e6f.jpg,448,448,1,222,227,335,405
img_258_jpg.rf.a998a335dd2215fb66ea25f9a62c078e.jpg,448,448,1,151,384,364,418
ck0tsx6f1rqmc08631bs71ker_jpeg_jpg.rf.ab1d6cd5119fa45ed713769ead2fde41.jpg,448,448,0,114,240,147,261
img_715_jpg.rf.ac5e19ff0cbf07bf2b6f867e0a9bdc8d.jpg,448,448,1,291,0,448,199
img_820_jpg.rf.ac48ea3460f67a356c2aefc63752e692.jpg,448,448,0,143,5,379,314
ck0ukkr2f8vml0848uyh1iw50_jpeg_jpg.rf.ae8bb164b484ab29577f766ddb0c9c26.jpg,448,448,0,350,234,445,273
img_363_jpg.rf.ad861d24f78cd7a8d890f46e7d6485dc.jpg,448,448,1,283,123,331,401
img_618_jpg.rf.ae3c355ecac7c2623aae2f1c66e2835c.jpg,448,448,0,169,0,378,186
img_618_jpg.rf.ae3c355ecac7c2623aae2f1c66e2835c.jpg,448,448,1,260,189,300,243
151_jpg.rf.ade9bcd3b67a1f8ce293eb7f2fc639b1.jpg,448,448,1,78,91,167,421
151_jpg.rf.ade9bcd3b67a1f8ce293eb7f2fc639b1.jpg,448,448,1,300,44,325,156
151_jpg.rf.ade9bcd3b67a1f8ce293eb7f2fc639b1.jpg,448,448,0,239,0,329,340
img_906_jpg.rf.ab6df0a28de8445556311dda6c21d20b.jpg,448,448,0,122,167,446,306
ck0txn3y1uaec0944bo6m4q6c_jpeg_jpg.rf.ade87d48f86c4cd91a314ec7a02c90df.jpg,448,448,0,359,235,405,260
ck0u13xaxuv4k07010miwxisb_jpeg_jpg.rf.ad39e0acf69a02b0b1b43a07b2885791.jpg,448,448,0,115,220,397,284
ck0txmpuosbkk0863coq4p42u_jpeg_jpg.rf.a9b357420474eb14b1fd811bb4bf4d65.jpg,448,448,0,121,184,209,219
ck0l8bqss96gu0794pchtppli_jpeg_jpg.rf.ab9f12213a9c8c23d6fd834c8d459742.jpg,448,448,0,127,191,148,209
img_121_jpg.rf.acf800d9973d6b20aada3fa745cc7f1d.jpg,448,448,1,13,194,109,318
img_642_jpg.rf.ac9d1a819e0f091f563e9feb451d4b72.jpg,448,448,0,146,0,318,182
img_642_jpg.rf.ac9d1a819e0f091f563e9feb451d4b72.jpg,448,448,1,260,184,302,244
ck0rp4r7382md0721515r9ll0_jpeg_jpg.rf.aea44fd112fbe144e32135af3a8ea7f6.jpg,448,448,0,275,220,426,276
ck0lx9tk9g22n0838e6v5csum_jpeg_jpg.rf.ac27ba97569940b28dc39fbd54e5f106.jpg,448,448,0,164,190,220,229
ck0tzwr6a6y270848xgzmj6hq_jpeg_jpg.rf.a9b9dde22b9ecc1a7ae61faabe07cce0.jpg,448,448,0,350,233,440,271
ck0u0p0aix0240721eyb5n57o_jpeg_jpg.rf.aef20c90a38dd6cc2f070dffc3e253da.jpg,448,448,0,112,152,289,295
ck0ng3zz98boz07013zyds00f_jpeg_jpg.rf.ad0c168667bdf6115c4c25e9a8bd7920.jpg,448,448,0,69,192,245,250
img_644_jpg.rf.aec9edae772edce509a1c3d9d7eb86ef.jpg,448,448,0,147,1,321,175
img_644_jpg.rf.aec9edae772edce509a1c3d9d7eb86ef.jpg,448,448,1,258,177,305,251
ck0ujo3wrv2130838pn66pvj4_jpeg_jpg.rf.b0f4a1d5067140dd46fb00930d29def1.jpg,448,448,0,120,211,169,272
76_jpg.rf.b0abcff6ff2d73567e587e17b9506cfb.jpg,448,448,1,30,104,374,314
76_jpg.rf.b0abcff6ff2d73567e587e17b9506cfb.jpg,448,448,0,5,0,353,98
ck0tsw61gqm680794v186apwr_jpeg_jpg.rf.afd1367ba031df697f523e684e9bf23f.jpg,448,448,0,138,192,152,216
ck0tyhb0zszbr0838w1dyisjw_jpeg_jpg.rf.ab063dbd31bcb9e22ba2b46fb2282238.jpg,448,448,0,194,198,214,225
ck0t1zwemkseu08636i7fpksi_jpeg_jpg.rf.af596fa420add4a9b536bdcffb0229a2.jpg,448,448,0,349,241,400,275
ck0t52natq0it07218mpku7q5_jpeg_jpg.rf.b2203023a3209122276dd713a5bdc328.jpg,448,448,0,133,190,147,208
ck0t75ti6on9t07015p6wbjle_jpeg_jpg.rf.b361e6772cbca4329b43facd83c0bec1.jpg,448,448,0,190,223,366,297
ck0ujirqowixt07012814w3ox_jpeg_jpg.rf.b2ff964d2b4c60bfc3e0382e87f8cde3.jpg,448,448,0,370,196,433,267
ck0qbwggghon207016zt7rz5a_jpeg_jpg.rf.b002f0a2965781861e29b53d5373ba39.jpg,448,448,0,271,205,425,266
ck0t5nqi3zqqj0a46iyhhhw7b_jpeg_jpg.rf.b413c27489cb67ebd942c399c48f8367.jpg,448,448,0,229,204,270,236
286_jpg.rf.b46eadc42b97982518b4ec877d8fba45.jpg,448,448,1,105,0,197,220
ck0t7iosiorq50701wgtb048m_jpeg_jpg.rf.b39748cbdae4df15b0bc6e922dfded28.jpg,448,448,0,202,224,301,294
ck0ncrvqe47qd08384wqzjlk9_jpeg_jpg.rf.b409c9ad9b1326d8877ff71235f72630.jpg,448,448,0,115,239,157,260
ck0ng3jtr5k7j08637da4685p_jpeg_jpg.rf.b398084cb9d4ef782e3ed9bed64f3003.jpg,448,448,0,199,203,215,223
ck0nftcfgka7e0848a9ie2b3b_jpeg_jpg.rf.b50022527f5e6fe76fb5648d1ec7dbc5.jpg,448,448,0,348,201,390,232
ck0tz2vh7wqqw0721qe4odmlu_jpeg_jpg.rf.b4241c6e7904a9733bbbd4b51371aa30.jpg,448,448,0,275,178,376,225
ck0kotq5d99760944cc8w1pib_jpeg_jpg.rf.b473f94354342ee8328ea351b6c9824e.jpg,448,448,0,125,156,283,289
ck0kfljfp7vuk09441308dug1_jpeg_jpg.rf.b5a40df1deb9ac01022f99d7d38a3b22.jpg,448,448,0,199,202,215,225
img_724_jpg.rf.b3b560c7b4f71e2880d4b9241d7d5f46.jpg,448,448,1,348,0,447,220
ck0tzp3rvummy07010t4dolzz_jpeg_jpg.rf.b6698d4ca1f37e722b568d201428bf6f.jpg,448,448,0,124,192,149,212
ck0t2zw8elp2f0838ve84hm51_jpeg_jpg.rf.b426ca8d4d53226f50ba00fb7bbfa3e5.jpg,448,448,0,308,208,407,234
img_93_jpg.rf.b5a314ea5b922c42a0298d1cb03524af.jpg,448,448,1,147,1,351,372
img_93_jpg.rf.b5a314ea5b922c42a0298d1cb03524af.jpg,448,448,1,5,182,139,448
ck0nds16a43eg08630h6n5un1_jpeg_jpg.rf.b5006a5c9c0ca92f3cca3f3d2739c4e5.jpg,448,448,0,114,236,141,262
621_jpg.rf.b83f696e28393b2a7de12ab9495b92cd.jpg,448,448,1,81,91,378,448
878_jpg.rf.b2beff7f009cc264b82ae03be85a68fd.jpg,448,448,1,182,94,231,402
img_653_jpg.rf.b78b0a1856cf685f159a0e417fd003ba.jpg,448,448,1,264,176,312,246
img_653_jpg.rf.b78b0a1856cf685f159a0e417fd003ba.jpg,448,448,0,128,0,324,174
ck0kkjnqo5xx10794xzpyur0y_jpeg_jpg.rf.b7242beeac3ae775ff35fd44e9e20474.jpg,448,448,0,217,121,378,239
img_82_jpg.rf.b859b406b2c6da1059663d716e50b48a.jpg,448,448,1,73,30,303,443
img_767_jpg.rf.b83cd7863eebf3fe61e3d6d2afa3d412.jpg,448,448,1,276,0,448,268
ck0qc8qkohujb0701aq2988oa_jpeg_jpg.rf.ba6e734e5b60092190cb18959f1b859a.jpg,448,448,0,3,257,110,314
img_263_jpg.rf.b908cb382c999cde48ad018888f7a551.jpg,448,448,1,13,29,380,417
ck0u15ceurp8s079478ps17by_jpeg_jpg.rf.bbfaa7f83ed5eea4d30dc00cb30d3f8e.jpg,448,448,0,1,220,113,302
ck0oulyr8sldl0838tkv3hqk8_jpeg_jpg.rf.b9378579febbf5f129b794da9fa4f65b.jpg,448,448,0,228,249,366,296
ck0t5243y02ss0848d4w8z1bl_jpeg_jpg.rf.ba1ceca0ba539ca8a8dae4b7d145e1c1.jpg,448,448,0,136,193,149,210
ck0tx2mh0r4wk079479dvqbfl_jpeg_jpg.rf.b9218b728da28bea3f14bad7d5fef287.jpg,448,448,0,289,179,386,228
ck0kkhi2lb1b30721f7ltwn14_jpeg_jpg.rf.ba7436efac5bccd4e51c3fb663103eba.jpg,448,448,0,173,199,292,292
ck0tzphn3t5by0838ge18vkq7_jpeg_jpg.rf.b854609f71fade3e1721074c9c71c7c2.jpg,448,448,0,144,148,177,223
ck0tt2r6arrbl0863z4d7kz9g_jpeg_jpg.rf.baf3f5bb51bfda98e8d8713fd9955b72.jpg,448,448,0,348,214,376,234
ck0kkizhblbln0848zygsqz0h_jpeg_jpg.rf.bcffcb7fa3c5aec87a0205906932a9bb.jpg,448,448,0,216,118,343,237
ck0kd4afx8g470701watkwxut_jpeg_jpg.rf.bb012684791202a273b7fa15b6b17da7.jpg,448,448,0,339,198,432,269
img_356_jpg.rf.bd1add6d305341f020489ef83dcf7bb7.jpg,448,448,1,271,168,322,377
ck0t30z1wlpg60838dc6e4lcx_jpeg_jpg.rf.b5158aa6e39a86273228b7ca0566661f.jpg,448,448,0,375,195,433,266
ck0kcbvwl4tja0794csyimfqu_jpeg_jpg.rf.b9fe2b26252dcdd257697c7d7e22fbe0.jpg,448,448,0,349,197,430,265
img_736_jpg.rf.bcc69ea8d366353955ee692245df84cd.jpg,448,448,1,304,0,448,262
ck0lyh3mpi04c094450wwwb9g_jpeg_jpg.rf.bb0d32512ee5a137e22c2c927b2e888f.jpg,448,448,0,274,197,336,233
456_jpg.rf.bbb59615e0ec5008f837311480cf27b2.jpg,448,448,1,110,127,222,209
456_jpg.rf.bbb59615e0ec5008f837311480cf27b2.jpg,448,448,0,107,0,273,146
ck0l9zam2nl6c0a46g4g3m6c4_jpeg_jpg.rf.be174e672104bacfd5fc992c94edfc0f.jpg,448,448,0,387,199,435,265
ck0twhqawsr970838xj2topr5_jpeg_jpg.rf.bbd088dd59944cf5b77d062050ff598b.jpg,448,448,0,67,188,268,250
ck0kdxyxd8iat0701jbwd0oq6_jpeg_jpg.rf.bdd30a35423167b0872f546c34fa54c4.jpg,448,448,0,343,199,429,270
img_130_jpg.rf.bf135ba79a5de6f70318497bfcbd8326.jpg,448,448,1,20,213,109,323
img_748_jpg.rf.bb4d8a6c49135a902e2d4f7e38f40937.jpg,448,448,1,282,0,444,248
ck0u0raa96fpd0a46z626vh9b_jpeg_jpg.rf.b1f9f25b5bb5101327d4e60384aeced5.jpg,448,448,0,215,150,407,240
img_648_jpg.rf.be9f257b67e1717c01c236a3402efeb1.jpg,448,448,0,142,0,322,198
img_648_jpg.rf.be9f257b67e1717c01c236a3402efeb1.jpg,448,448,1,262,196,305,246
ck0oulkapr2bj0794zz57fbjp_jpeg_jpg.rf.bf254db429aa86f607c55cd3562ec71d.jpg,448,448,0,0,60,106,309
ck0kn6xvv6ds10794waw8k1tx_jpeg_jpg.rf.bf180b12f14647d7217fd07a63284729.jpg,448,448,0,282,206,426,272
img_764_jpg.rf.be225b6b818d0ec5a4da4d58730a59fb.jpg,448,448,1,275,3,448,266
img_732_jpg.rf.c01fc2e4c713687bca1da2e9d6a86cc5.jpg,448,448,1,358,0,448,235
img_144_jpg.rf.c0449aa4915b9258537c3231de96073f.jpg,448,448,1,13,201,88,331
img_144_jpg.rf.c0449aa4915b9258537c3231de96073f.jpg,448,448,1,91,148,127,228
ck0u0hs5pwywo0721zyjfy75h_jpeg_jpg.rf.b9f8c003169b924f319c09461da05e31.jpg,448,448,0,1,248,108,311
ck0t20os6mrcb0944xrc0wamx_jpeg_jpg.rf.c0d5a10d95673ea62eff70e480eb6ff0.jpg,448,448,0,0,213,110,302
img_367_jpg.rf.c178371e0bffd8e1b85220791d3b8a51.jpg,448,448,1,288,225,342,401
img_414_jpg.rf.c1264e368924b84b6be74b93ad7a7bd6.jpg,448,448,1,49,0,398,126
ck0tyvn3lwprq0721btsf3icr_jpeg_jpg.rf.c2bd077f0001b088d9ed19bb249a88ec.jpg,448,448,0,191,235,365,296
img_381_jpg.rf.c376cb28aa45560613d6e014ab35f3e1.jpg,448,448,1,266,267,333,415
ck0tyvz1p6ssd0848z1brl0fl_jpeg_jpg.rf.c392ac58f4d81bb7e5c24d0d9d397179.jpg,448,448,0,1,49,112,312
ck0nett9672gj0944feegfre7_jpeg_jpg.rf.c2e4f1cdf675b1854cd0ae3da9456fab.jpg,448,448,0,307,217,397,234
ck0rp7ech84jq0721s8wfw8tz_jpeg_jpg.rf.c4d66ef8df316dfc178693cd783fa654.jpg,448,448,0,141,147,180,222
ck0kn8y5y9y3507018k5p06ma_jpeg_jpg.rf.c363f402dbb0aa8aa7070269167c20ca.jpg,448,448,0,132,191,147,208
ck0qbsnz6fcn40863jl1deoe9_jpeg_jpg.rf.c3ad996c8ef7b1722adfbf22eb880ada.jpg,448,448,0,219,81,350,244
ck0u0nf3ftb7n083861jt62o2_jpeg_jpg.rf.c795a969dd78f52296319049c1295748.jpg,448,448,0,345,180,446,236
ck0kn8eh393ib0944lkiizn3w_jpeg_jpg.rf.c22a5e6fc929236a3abadc6b5a76655d.jpg,448,448,0,135,197,149,210
ck0nabd8whgv30848prwciv2b_jpeg_jpg.rf.c6ea7f74d9abbe6dfb012611c9570158.jpg,448,448,0,155,196,191,217
ck0kcouioj11m0a46yjyp0zlc_jpeg_jpg.rf.c5bba63abe18fa184e900565fb37d740.jpg,448,448,0,0,15,109,310
img_378_jpg.rf.c35059591661abe978bcca5f16ade827.jpg,448,448,1,277,194,343,402
ck0twbr4hwf330721j3vv8j30_jpeg_jpg.rf.c651a0646439097712a318d6a0e51acf.jpg,448,448,0,252,230,277,261
img_625_jpg.rf.c7fc852627f83df944bcce46547f8b16.jpg,448,448,1,251,205,297,243
img_625_jpg.rf.c7fc852627f83df944bcce46547f8b16.jpg,448,448,0,140,0,390,200
ck0ndcirh69sn0944tmwamh75_jpeg_jpg.rf.c7a1ee2e1725c558da3373c7d1f691e2.jpg,448,448,0,216,141,396,248
32_jpg.rf.c87271986e34393741c8455d00ea80ea.jpg,448,448,1,133,243,398,437
24_jpg.rf.c5fdcf5e9909f12c31fe6003da2e2c24.jpg,448,448,1,227,117,335,258
24_jpg.rf.c5fdcf5e9909f12c31fe6003da2e2c24.jpg,448,448,0,230,0,445,189
ck0kot81t6k5g079474qsyev2_jpeg_jpg.rf.c07f12b0979574de4efc85d23e2d4ca3.jpg,448,448,0,88,187,127,265
ck0nefzg24hv30863efhq3fp1_jpeg_jpg.rf.c9c79a83bc5dbd9a4f457cb76d463182.jpg,448,448,0,298,187,383,226
img_347_jpg.rf.c6fad8c7ff189592362d60828bc6e2d5.jpg,448,448,1,277,158,339,382
ck0qd4sisfz1x0863riapvr9k_jpeg_jpg.rf.c8a281068eccf01a5b1d180705f4db3d.jpg,448,448,0,222,244,366,295
ck0lyhdgvtl1m0a46g6vawhau_jpeg_jpg.rf.c5205006943dae7364876e3dbc5730da.jpg,448,448,0,88,160,176,290
ck0kdgpnj8gvt0701oaod540q_jpeg_jpg.rf.ca84f0d4e4d5685def024c77244261f5.jpg,448,448,0,2,133,108,304
ck0ndrnhi3fkn0794vbn53c08_jpeg_jpg.rf.c91e9636d9c0760ef91ca355e8371abd.jpg,448,448,0,137,191,149,210
ck0ujik07yqmk0721cwatmrh8_jpeg_jpg.rf.ca86962537cbadc4cd85497aba62fc71.jpg,448,448,0,124,196,148,216
0_jpg.rf.cd90e03cb5ea31ca281f0d02c1e5b0ac.jpg,448,448,1,49,0,271,437
img_633_jpg.rf.caf9ff37521740c6439f433fb0c7fcf5.jpg,448,448,0,134,0,343,175
img_633_jpg.rf.caf9ff37521740c6439f433fb0c7fcf5.jpg,448,448,1,256,179,298,239
ck0ujxg4qyroe0721yt57ymqa_jpeg_jpg.rf.ccaad5dcd4bef4a8160ae4156fb31075.jpg,448,448,0,322,180,379,224
img_394_jpg.rf.cc61a8855bf91b8a095c56ca53692772.jpg,448,448,1,267,302,322,416
img_611_jpg.rf.cf255daef067238f818580ce0505b1f6.jpg,448,448,1,258,185,297,245
img_611_jpg.rf.cf255daef067238f818580ce0505b1f6.jpg,448,448,0,229,83,338,183
ck0m0etrphwjo0838r9wzd6ia_jpeg_jpg.rf.cd57b81ebcd9d050eed2b4146cb7a928.jpg,448,448,0,63,214,147,247
ck0klcevilg5n0848axl4ww0k_jpeg_jpg.rf.cf68afb85b0f92e9d1ea048b1eeae361.jpg,448,448,0,218,98,396,241
ck0tz35vrt1xh08382lzzsg2v_jpeg_jpg.rf.cb3b446e7aaf12c946968e4fdb958b6a.jpg,448,448,0,83,178,124,266
ck0t5t7ggo1650944q3cyegrd_jpeg_jpg.rf.cb7b55795c4705d5e68c49e8391c29b1.jpg,448,448,0,86,234,134,297
ck0oukbtwsjxp083897f03qo4_jpeg_jpg.rf.cbd3b1ff21a7a080b858e58cf3dd73b5.jpg,448,448,0,129,191,148,208
ck0tyzb4kwq9407210i0lbk6v_jpeg_jpg.rf.cc4abb7002a95d3c7de8e89fc2eba89c.jpg,448,448,0,322,189,365,228
img_446_jpg.rf.d04b7448609ebc9c04bce3fb60a9fc1e.jpg,448,448,1,28,136,256,377
img_446_jpg.rf.d04b7448609ebc9c04bce3fb60a9fc1e.jpg,448,448,1,342,1,395,101
ck0kd86qe8gf507018qw8usfe_jpeg_jpg.rf.cfe8c4f93d1801364c48a443e1ea4b92.jpg,448,448,0,152,183,175,221
ck0rqkoz2587n08387o17rv73_jpeg_jpg.rf.cfc7ad3f13b22ba682fa6d096602536e.jpg,448,448,0,310,269,366,298
ck0nfoxrpj0xh0a46qv68gp45_jpeg_jpg.rf.2d180c8712e29d8455c979774379ad09.jpg,448,448,0,1,68,116,304
591_jpg.rf.2da9ea268cccd6baf53794039c4ddbe0.jpg,448,448,1,223,167,424,444
591_jpg.rf.2da9ea268cccd6baf53794039c4ddbe0.jpg,448,448,0,298,0,439,188
591_jpg.rf.2da9ea268cccd6baf53794039c4ddbe0.jpg,448,448,0,3,6,221,432
ck0kcz0wr67xc0838pqo5w48a_jpeg_jpg.rf.2e0bfe359b480ae8c7e0e3af0d6d66d3.jpg,448,448,0,220,162,384,248
ck0m1maf2vnl30a46vnjvga3r_jpeg_jpg.rf.2e155d27a5c0c0f9a515325a58fea02f.jpg,448,448,0,0,183,108,311
ck0rqflbw4lvd0863gyi0mzp1_jpeg_jpg.rf.2ea0877c54c79984ae53eb2952103db9.jpg,448,448,0,177,188,217,222
ck0kcy2pmj1v70a464cl53bkw_jpeg_jpg.rf.2f79a1c4a80f672235f550e2441b27be.jpg,448,448,0,213,155,306,235
103_jpg.rf.302df056ae50651c0ea9e4a596cfd1ac.jpg,448,448,1,111,108,360,260
ck0nfz8fe60yr0838az9x331y_jpeg_jpg.rf.304a1dadb6cd1364c31816cdc2f56da2.jpg,448,448,0,218,125,364,237
ck0u0muhduoik0944fwbze43u_jpeg_jpg.rf.307083a79a4880127a9cc72de826ce62.jpg,448,448,0,83,158,135,265
img_213_jpg.rf.30af1fcc422d82908b1d4513ede49f2c.jpg,448,448,1,100,90,244,272
ck0kmi067lmu70848mrnfi0rc_jpeg_jpg.rf.2d308f31f338a7bb871de9818cec5e25.jpg,448,448,0,87,174,129,293
ck0t6zwah09e20a4695tura09_jpeg_jpg.rf.30f08bf2a508e9bd4cbb2b9fde53a7ca.jpg,448,448,0,117,236,148,260
ck0ow39yt6j650a4633r8lu2g_jpeg_jpg.rf.30f710a451dc40f3adcc4b3f2837b691.jpg,448,448,0,135,199,147,218
ck0ncji892we50794albpt7x4_jpeg_jpg.rf.31506d9068a00102334e37e4b5aafe08.jpg,448,448,0,154,186,175,219
img_350_jpg.rf.31c02424e8ccc9231b2eaf9c48785d9a.jpg,448,448,1,268,142,325,389
ck0ng67nbkhul0848gacp299b_jpeg_jpg.rf.31d7ed49daa45b96be3b33b212800c2b.jpg,448,448,0,334,197,430,264
ck0kmem9m68vr07947lx0jam1_jpeg_jpg.rf.322ea931b63d664ba4a3e59dbbc511c1.jpg,448,448,0,14,246,131,307
ck0kkwqeq5zxe07942ouxkr5q_jpeg_jpg.rf.31f8fba85b4e1b9591b7788e2f8d62e2.jpg,448,448,0,137,195,153,213
ck0kmewv08ygm0944br9j606r_jpeg_jpg.rf.348880d763b700c06f0f3f5bbc223173.jpg,448,448,0,64,221,191,266
img_373_jpg.rf.345b4145dae7fb75bffd9f6f51c9dd4a.jpg,448,448,1,293,213,352,402
ck0tx9epawjk50721w6282v2c_jpeg_jpg.rf.33a9483df73f105fe70449480166e08c.jpg,448,448,0,216,120,338,244
ck0txvaz6ub6h09447ux3qyyt_jpeg_jpg.rf.3346a493114d0ef674f1126d83b26641.jpg,448,448,0,125,190,148,214
ck0ndugzs6hv90944q18viki9_jpeg_jpg.rf.33d485083ddffbdc2b2f6e17cca6bcc4.jpg,448,448,0,212,245,368,298
ck0l8b13joiy30848vj3d2ndb_jpeg_jpg.rf.32a3a50f25b8f8e3aa752e9bd66b217d.jpg,448,448,0,134,191,146,210
img_740_jpg.rf.34160b0de76a21c0ae373f304961d4a7.jpg,448,448,1,304,0,448,258
ck0t3s74cnfks070126deykt2_jpeg_jpg.rf.358a05417c5a58a1c080f1ae9ba4ccdb.jpg,448,448,0,1,201,104,316
ck0u095lit8ti08381w4noa0x_jpeg_jpg.rf.349b10da946f8c46a746aeefec413696.jpg,448,448,0,351,218,436,277
img_617_jpg.rf.35d6c9f12b125c087fe9db6600eff075.jpg,448,448,1,261,220,299,252
img_617_jpg.rf.35d6c9f12b125c087fe9db6600eff075.jpg,448,448,0,178,0,373,210
ck0nd5toq009k0804lhknr6zt_jpeg_jpg.rf.358c2030274396cdde69912c62e93d84.jpg,448,448,0,88,228,133,294
ck0tx7k0tr5rz0794r2twuz1o_jpeg_jpg.rf.3599f307458e6129af4d38cd91783668.jpg,448,448,0,179,203,297,297
img_712_jpg.rf.375e204579b65e7c86de2120b88c554d.jpg,448,448,1,280,2,448,192
ck0kl2hwy5xu80863zi6j6gy4_jpeg_jpg.rf.37c38154cf1507876f103ca6c3355a3b.jpg,448,448,0,336,193,361,216
ck0m1nvd7hi5g0794ixq4uhub_jpeg_jpg.rf.359f52e0b64f7d2895eb73a5c8053e88.jpg,448,448,0,228,195,352,234
ck0tyq31o6ryb08488lus3geb_jpeg_jpg.rf.378e842c5a62cea1b117f95bc1878d88.jpg,448,448,0,125,190,148,209
ck0lxgqhheq2b08638gu6tna1_jpeg_jpg.rf.3a090a83d3f97db1969ff8b6653443d9.jpg,448,448,0,130,212,168,272
img_753_jpg.rf.385414ce439212d17359423d3589cf07.jpg,448,448,1,274,3,448,266
ck0kdh8yok8rw08486abmn3z3_jpeg_jpg.rf.38003943c5c972618e24713b7c92628d.jpg,448,448,0,352,234,447,273
ck0kfmg3p6jh90838qxnikor1_jpeg_jpg.rf.38c6b3b56c6e3606217afec54b817ae6.jpg,448,448,0,131,187,218,227

img_735_jpg.rf.3847ff7d63e0f42b98ceeaccb88b9b67.jpg,448,448,1,297,0,446,254
img_416_jpg.rf.3b5013f0a84108ffaf972aa5ee58c38c.jpg,448,448,1,51,0,395,234
ck0m1n0c1hbus0863ti6kd58t_jpeg_jpg.rf.39183a5a3e65727f48cb39a0c1203dc7.jpg,448,448,0,1,77,107,315
img_662_jpg.rf.3963b273de1f2d904bc2674635f9632c.jpg,448,448,1,0,3,448,327
ck0ouldkdrpic086327fu1wjk_jpeg_jpg.rf.39a25f7d215895d97205f2412f28844d.jpg,448,448,0,205,239,361,298
img_355_jpg.rf.3a9604fba041ce70234bbc4101aaebce.jpg,448,448,1,272,134,330,371
ck0u02mwv6bah0a467209caub_jpeg_jpg.rf.3aaa0eef1ce617d804d3a281e7953b43.jpg,448,448,0,330,224,435,275
ck0ovnfap7g9u0848nlx6v59i_jpeg_jpg.rf.3ae77964e3b75f0c1bdf2ab37e0c31dd.jpg,448,448,0,215,119,349,234
ck0tyoro0uhpt0701sbzpdha0_jpeg_jpg.rf.3cc5c4630bee98cd6c90dfa0a4d067d4.jpg,448,448,0,116,226,256,267
ck0neh5qnjfoh0848s35xyyj8_jpeg_jpg.rf.3c6e3e02814e2edd6a70bdc6b30cdd32.jpg,448,448,0,84,185,121,262
ck0k99r7bir3f0a460bctrlmy_jpeg_jpg.rf.3c46a0889334f4ad472da2b5834fbb21.jpg,448,448,0,96,254,131,289
ck0kd8vmh68nl083835g4ngoc_jpeg_jpg.rf.3d47f085b6124693ab13c6e83de4a6e0.jpg,448,448,0,113,238,150,263
img_652_jpg.rf.392a97b3ba4dcb9f118839a5668a46e7.jpg,448,448,0,134,0,320,186
img_652_jpg.rf.392a97b3ba4dcb9f118839a5668a46e7.jpg,448,448,1,258,194,303,246
img_354_jpg.rf.3cff3d39065fe1420ee02d7530418131.jpg,448,448,1,259,97,325,389
490_jpg.rf.3dd2e166fc4d774d792efc7d59e8e4f9.jpg,448,448,1,282,129,339,425
490_jpg.rf.3dd2e166fc4d774d792efc7d59e8e4f9.jpg,448,448,0,125,0,416,229
img_733_jpg.rf.3df8e0b3dcedf68fed306106c5851306.jpg,448,448,1,325,0,447,254
img_657_jpg.rf.3d5537c46abd7446958a510723a6dd77.jpg,448,448,0,4,0,282,281
ck0qbedgvf3qu08637yvo02cq_jpeg_jpg.rf.3ea60859cb42a511a8c89a26efa06e40.jpg,448,448,0,349,240,431,271
img_619_jpg.rf.3a4d2fcf51eef53442132941fcf1ffa9.jpg,448,448,1,257,187,300,243
img_619_jpg.rf.3a4d2fcf51eef53442132941fcf1ffa9.jpg,448,448,0,164,0,383,181
ck0t2kogeyqy50a46u6e56yb9_jpeg_jpg.rf.3ef169706bfa078ac24af487f58b2875.jpg,448,448,0,97,145,293,293
ck0lxekamu4wa0848z3xssbek_jpeg_jpg.rf.4001fbc696f68df587b5fd89fce14d7b.jpg,448,448,0,138,196,148,211
ck0na8r4s7dor0721s8pn4uvo_jpeg_jpg.rf.402e201f49d7477e9dc5fce85a6cea8e.jpg,448,448,0,313,211,412,234
ck0ngm4b3jk5e0a46nplsw4xb_jpeg_jpg.rf.3f188b20369f453f290b330af9764476.jpg,448,448,0,130,191,151,209
img_361_jpg.rf.40c015124c52c25089f37fe357792e33.jpg,448,448,1,274,70,336,387
ck0kcso214r0r0863m2otgmja_jpeg_jpg.rf.4170c2703802a255324ed6e1c39165a3.jpg,448,448,0,96,222,124,263
ck0qbnvn6hk6w0701x0mcjvq8_jpeg_jpg.rf.402a368d9d7252b4d4909b3237d9e83e.jpg,448,448,0,88,166,135,294
ck0tzqdzqwucd07218blh12ir_jpeg_jpg.rf.3fd4ec20b6928194a5637086142b8f45.jpg,448,448,0,124,188,150,210
ck0t6o7hrlbs407944kyd1i2r_jpeg_jpg.rf.41193f86d143b7947cfa7d7bc093c913.jpg,448,448,0,148,183,208,222
ck0nd794g00mz078022z17djb_jpeg_jpg.rf.416d517312c34b696657356c4f314527.jpg,448,448,0,86,216,131,297
ck0nehpd69bax0721onacbe33_jpeg_jpg.rf.42ae5da47bbb152e393381ee48280b7d.jpg,448,448,0,192,214,318,290
img_131_jpg.rf.42673a7fcae55438c4601cec1d42b1e3.jpg,448,448,1,22,215,106,318
ck0u0e1zzwydk07210xx5o9vv_jpeg_jpg.rf.3e52e21f7723d12e668fd34f4f6688c5.jpg,448,448,0,116,223,322,268
ck0rr132a3x9r0794yhwyho26_jpeg_jpg.rf.42035a2cf128b1914dfe433aa5a05880.jpg,448,448,0,63,148,293,290
img_403_jpg.rf.41175dd875879c36a95016675028dae7.jpg,448,448,1,49,1,273,119
ck0u0zahz74ln0848lonhk1xg_jpeg_jpg.rf.44a1acbe7a9da5cc2439c222db91269d.jpg,448,448,0,68,220,114,250
img_441_jpg.rf.4390f38eb722838b1ac3348dd9858d40.jpg,448,448,1,53,4,396,124
img_605_jpg.rf.43a0cc5c0ab0cc29d6575985e903b156.jpg,448,448,1,276,222,293,248
ck0kcnqqgk6li0848vp3bn5sx_jpeg_jpg.rf.432c0025ed13641a6f96c7b665fad2f7.jpg,448,448,0,0,173,106,309
ck0t3iu3flv0k0838lql92x5b_jpeg_jpg.rf.41bd53e95493d1e5fb39096881f27bca.jpg,448,448,0,117,236,155,262
ck0u00wpmuoae0701e4j4rgq4_jpeg_jpg.rf.430f09d6af0bf3eed81c856537d84a1a.jpg,448,448,0,82,152,140,294
img_396_jpg.rf.457a33eb8340dc4c14d5951262a4d329.jpg,448,448,1,268,296,320,417
ck0kdgfrn7loi0944bc5njxd7_jpeg_jpg.rf.41f289b3beab9a2ba032ec0832f5f0c6.jpg,448,448,0,352,229,435,273
ck0nfo0y4a2a00721ek5g056r_jpeg_jpg.rf.4453771531093cbc661403e813f5dbe3.jpg,448,448,0,53,211,190,269
ck0txwcn1scmo0863p2fmcq09_jpeg_jpg.rf.4577a09584b2630b509fac7107f8e5d5.jpg,448,448,0,350,231,444,272
ck0t1r1esms8s0701jmlvghkw_jpeg_jpg.rf.459003ca80e5b9214dd0bece75c3a4f6.jpg,448,448,0,117,203,379,284
ck0txo8iyue140701jnymorwf_jpeg_jpg.rf.4547ced1d6b3f5493bb5d883af35ba9a.jpg,448,448,0,131,200,148,218
ck0na66fi7cky0721kx2rj68t_jpeg_jpg.rf.4719736844271c6d69eb45bc94f08bab.jpg,448,448,0,263,276,324,315
img_244_jpg.rf.46d7c78cc0b3f5aa0cd0913294d6cf2e.jpg,448,448,1,324,239,437,420
ck0tstact5eu60a46dakdr243_jpeg_jpg.rf.45c2a98a14128fef4c6515d1a8baf46f.jpg,448,448,0,323,196,430,268
ck0t7s2o0ne4408387zvqn6pr_jpeg_jpg.rf.475c4975a2e1e1753a167c4785593930.jpg,448,448,0,218,153,395,250
ck0t52agrlp0p0863vg9f8svy_jpeg_jpg.rf.49b742cce2499eead8084ece0e172741.jpg,448,448,0,114,240,153,260
ck0qd7cyiib8f0701npyn63rc_jpeg_jpg.rf.47bb7eaebe2a2fb817da5309c4fca111.jpg,448,448,0,273,213,300,230
img_741_jpg.rf.46512b2e9904ba507731ef67cb379b03.jpg,448,448,1,296,0,448,254
ck0lzxfw9iyx50944qfn9yxxl_jpeg_jpg.rf.4aaf5ff1188d3c762fb1b148252b0f01.jpg,448,448,0,70,147,291,294
img_759_jpg.rf.46224b0c7ff86c200c0e80d4cf5f8ed4.jpg,448,448,1,273,1,446,258
img_660_jpg.rf.43c5139046a8483da7f49af3a6df0921.jpg,448,448,0,0,0,300,294
img_615_jpg.rf.4986a6a5be73002e7dfaaf149ea02640.jpg,448,448,1,263,203,305,250
img_615_jpg.rf.4986a6a5be73002e7dfaaf149ea02640.jpg,448,448,0,192,0,360,194
ck0txbqlewjuv0721agjyhu78_jpeg_jpg.rf.477a64a2b57a60ff8e5beb9fccce0570.jpg,448,448,0,219,131,364,237
img_384_jpg.rf.4b2486fc2432e51fc9b028102855d07b.jpg,448,448,1,269,245,332,416
ck0t5oyi1mlpd08385ihi4js3_jpeg_jpg.rf.4bf3fad9f465cedb5778d9cc14b7e2cc.jpg,448,448,0,231,201,338,233
ck0na2ozl2ejz08633ausfi26_jpeg_jpg.rf.4bf5994a94af7bf2b47e75d9a5105be7.jpg,448,448,0,279,184,324,229
img_925_jpg.rf.4ad8fbee864b8370f50e38fb4dc902ee.jpg,448,448,0,107,49,448,436
img_629_jpg.rf.4ce639bdb41fc1dcc422d7afe1d2e712.jpg,448,448,0,146,0,390,182
img_629_jpg.rf.4ce639bdb41fc1dcc422d7afe1d2e712.jpg,448,448,1,255,195,296,244
ck0ounuswsms108388flcbazi_jpeg_jpg.rf.48a64d74b96749ebc851d11980d69edf.jpg,448,448,0,86,177,124,266
ck0rql046icek0a462kapdu97_jpeg_jpg.rf.4c41db0a832af0a5c6f53be42f479a1d.jpg,448,448,0,1,239,108,311
ck0t22nfcmwoj0701cj69tol6_jpeg_jpg.rf.4c21b809e7aba39056a6cdaa15565587.jpg,448,448,0,348,230,447,273
ck0lxa18hic880701ux5axl97_jpeg_jpg.rf.4daa169551bd33e3ad5ea2f714182845.jpg,448,448,0,312,216,389,234
img_632_jpg.rf.4bd30221013c1e2ed594b8cf31813332.jpg,448,448,1,252,142,300,246
img_632_jpg.rf.4bd30221013c1e2ed594b8cf31813332.jpg,448,448,0,143,0,383,138
img_103_jpg.rf.4d2ba85b550e5051163ef1f2dcdfc3d3.jpg,448,448,1,0,170,138,329
ck0kkgwvk9hhg0701edmbvr7r_jpeg_jpg.rf.4de9d49e42a8b309b2e36de348ac9d93.jpg,448,448,0,80,160,130,290
ck0uk2i9z86xl0a46gizlif59_jpeg_jpg.rf.4db6ccb4e5f33d0a43da9651a1089cd3.jpg,448,448,0,217,141,374,241
ck0kdsrnk4tm80863omawzddc_jpeg_jpg.rf.5015266182e944405313c4d5b8b9f357.jpg,448,448,0,217,136,394,248
img_760_jpg.rf.4e2a013456c3113d04f2e354193de40d.jpg,448,448,1,277,0,448,258
ck0t5vqyazukh0a46v2hq9td6_jpeg_jpg.rf.5040b0fa4aeb5a0e60b03748badc3426.jpg,448,448,0,85,169,190,299
ck0tszu61qmo10794stj6lmkj_jpeg_jpg.rf.514e92509b941aa2c02aeca4bc2d53e9.jpg,448,448,0,0,73,118,313
img_351_jpg.rf.540e52c599b8a16acef3ecb81e70452f.jpg,448,448,1,265,162,324,391
ck0ukk30lwlt9070113ad7m2j_jpeg_jpg.rf.50af9970c9e7f22ff5513a4265341964.jpg,448,448,0,3,174,114,303
ck0txgnxxud4y0701d5z7lpx7_jpeg_jpg.rf.507d539b6f031db58385342194eba577.jpg,448,448,0,68,191,288,252
img_374_jpg.rf.5169c30c5fd209f13c331710b7e2b068.jpg,448,448,1,285,216,371,404
ck0twvkofr3wr0794xzv7br97_jpeg_jpg.rf.55c14ec20cbb7dc3796336ea330bfed4.jpg,448,448,0,136,189,147,213
img_388_jpg.rf.532a1d8de0a949ebfd7f0076da076280.jpg,448,448,1,258,262,329,423
ck0kl4d8y7e9x0838i33y0nta_jpeg_jpg.rf.54ac3a0454e8c3e2a3a0efd4d74a9ea7.jpg,448,448,0,155,187,291,297
ck0rqq0y3j4tu0848p884qvn1_jpeg_jpg.rf.56310173763a56c936666c67f504a9f4.jpg,448,448,0,230,188,307,236
ck0qdeht7feba0794xskx01vd_jpeg_jpg.rf.548265dce121474b34e981bcdff289ec.jpg,448,448,0,217,140,374,236
ck0rqzwam6rx20944o5eby5wd_jpeg_jpg.rf.5596a9d3bbdea9976cbea588ca48c476.jpg,448,448,0,86,211,123,268
img_109_jpg.rf.50b96dddcc45dedf81c4ce345a93dc7a.jpg,448,448,1,10,206,100,326
ck0rp8yjl4f5b0838yi4z8ub1_jpeg_jpg.rf.55f64f26ea5066378ddbcbf3eddd37a5.jpg,448,448,0,99,190,147,209
img_245_jpg.rf.576e9583d072cac0fd8783caf0537c7d.jpg,448,448,1,300,33,435,417
ck0ty5rb66pry08483lgrlmhz_jpeg_jpg.rf.562254d90acb33da191615fc50122ae5.jpg,448,448,0,338,196,358,224
ck0l9j6n6oqjo0848ps5blk3b_jpeg_jpg.rf.55f26b3d6721f4aefa10524d69f8cc81.jpg,448,448,0,88,140,171,291
ck0t58uo4nvw40701ubn1fua7_jpeg_jpg.rf.546f6523071a38634b4e4d1e6b20ae10.jpg,448,448,0,76,216,173,274
ck0ty797gwmyd0721weeb3b90_jpeg_jpg.rf.59a3411d05d50fd6803f46c18acdebd5.jpg,448,448,0,279,178,387,228
ck0lx50eojwbq0721qtix2xqg_jpeg_jpg.rf.49d4589bd999e9d662aad55fcdf4ae5a.jpg,448,448,0,350,165,446,240
ck0ukjmceuk3t0863k4o3i8g4_jpeg_jpg.rf.59a72b13c66dfde6890ffc39a4cc9901.jpg,448,448,0,130,219,182,271
ck0ng5zyb5lrz086320xihwm8_jpeg_jpg.rf.56eeb9b6eadc4b8f701f2aace5330c1d.jpg,448,448,0,105,190,148,216
ck0twef0nu7ej0701ku08izg4_jpeg_jpg.rf.5a3474ed29ac3b02b75a6c88f6720168.jpg,448,448,0,201,203,216,224
img_429_jpg.rf.5a88ef468129427e2422b92cd8b0e77b.jpg,448,448,1,232,0,396,148
ck0rqrdr86mhp09441c8d69w7_jpeg_jpg.rf.5af2522c0651cc63b712943d5804b48c.jpg,448,448,0,270,199,319,233
ck0lyghgkfe8a0794h5pz92p7_jpeg_jpg.rf.5a1c2222ee9da4fbf3ddde4e6fa68935.jpg,448,448,0,319,183,382,224
img_421_jpg.rf.58410aa77210c8a278c2c491abb9d18a.jpg,448,448,1,190,2,398,418
ck0tzjni6sjt50863e6a6a8fl_jpeg_jpg.rf.5a79d43f51f7db7a0e36eba510b8dfdb.jpg,448,448,0,189,195,216,224
img_342_jpg.rf.5a264101ff5b890d8a25f87a566f906a.jpg,448,448,1,287,322,326,404
ck0k9aqm99o2o0721aml8qpqr_jpeg_jpg.rf.5af4e988438f24d871ee2763d4d807d2.jpg,448,448,0,277,197,345,227
64_jpg.rf.59a8908fd610f2932f736f388bf19616.jpg,448,448,1,195,223,249,378
64_jpg.rf.59a8908fd610f2932f736f388bf19616.jpg,448,448,0,113,5,279,387
img_420_jpg.rf.5b33025c43d4082ec781e3960136e048.jpg,448,448,1,125,0,394,428
ck0qc7xskeu3r07948qg5ycne_jpeg_jpg.rf.56631b75bb735530dfdc904d8dafd41a.jpg,448,448,0,122,194,147,207
img_360_jpg.rf.5b5dbe610b9a405504f0cb1a835faffc.jpg,448,448,1,281,185,334,386
img_717_jpg.rf.6202b1b1f376673d3ea08450d407a94e.jpg,448,448,1,276,0,448,188
ck0kewsaha6hh07215jgx1bp2_jpeg_jpg.rf.60a8934da8595ce8ebcdd47ea673cf73.jpg,448,448,0,93,210,124,265
ck0tyx4x7t16i0838grtlspkh_jpeg_jpg.rf.5f8b5e024b8bc32e10de533a51fad653.jpg,448,448,0,196,236,368,296
ck0k9etuqjxhh0848k6i1mw2f_jpeg_jpg.rf.5f2daa34a13037bcd3491a3a3141b9cd.jpg,448,448,0,86,152,291,303
ck0keq7xa4xxd0863otmigtsy_jpeg_jpg.rf.5cb3cc14017d1183a332cc2e3b024a5d.jpg,448,448,0,187,237,367,297
3_jpg.rf.5d106446a05b6178785735bc74e7ac44.jpg,448,448,1,90,36,403,170
3_jpg.rf.5d106446a05b6178785735bc74e7ac44.jpg,448,448,0,8,3,382,121
ck0kcaec57i7s0944jkpjyecx_jpeg_jpg.rf.5f86aad39b8314bb2d4599421bfddde7.jpg,448,448,0,151,186,211,223
ck0t59c0wnw4607010uyziiam_jpeg_jpg.rf.607aedadbb2f81b3035bf34b80e7225f.jpg,448,448,0,0,164,111,299
815_jpg.rf.5cf0faac24a51360e72e3464825fc746.jpg,448,448,1,203,201,253,319
815_jpg.rf.5cf0faac24a51360e72e3464825fc746.jpg,448,448,0,185,0,257,192
126_jpg.rf.611d235c791bd9d6e0897f4e159ad53a.jpg,448,448,1,174,187,314,329
126_jpg.rf.611d235c791bd9d6e0897f4e159ad53a.jpg,448,448,1,131,0,388,312
ck0ukig53tfv30794pt4u6ude_jpeg_jpg.rf.5d83196b26b6d9b66da6c3fcbf7260e2.jpg,448,448,0,115,222,393,278
ck0nepj3s015b0a88py3wvbqu_jpeg_jpg.rf.5ce3f76ba0585013c6abdc68e293443a.jpg,448,448,0,220,137,388,237
394_jpg.rf.61d1af6c0ed624d58206396a4b2e15a2.jpg,448,448,1,191,95,277,246
394_jpg.rf.61d1af6c0ed624d58206396a4b2e15a2.jpg,448,448,0,198,6,263,96
ck0t6epc3ql720721yfbt878q_jpeg_jpg.rf.60ce38f8cb3f9d477fa2529238938cab.jpg,448,448,0,218,131,392,246
ck0t765i5mk8j0863od0a5ghy_jpeg_jpg.rf.631fb21107c103a08090da89440cd4c7.jpg,448,448,0,2,66,118,302
ck0kepk22a57e07215s22fyiv_jpeg_jpg.rf.5e56d573ed8bd7243bc89b072d0315c4.jpg,448,448,0,202,239,362,296
ck0lx4sqkjw920721qbehquxz_jpeg_jpg.rf.60e9f7b79c7250f9ca56726ced37ca28.jpg,448,448,0,94,220,122,268
ck0tsvw19vzj90721zgwt6zcu_jpeg_jpg.rf.5d47509c67baf6d03b01065dede1d86b.jpg,448,448,0,154,190,179,226
ck0kdobka8hev07019b3gbgq6_jpeg_jpg.rf.5d42a6a28979ba6f2ef8d54df269c352.jpg,448,448,0,86,214,133,294
ck0txfme8sat90863ybrk8lzv_jpeg_jpg.rf.5fd89303bded23098ea08ddc69d8efd2.jpg,448,448,0,66,228,94,247
ck0kengxx4xiw0863hvii9d2r_jpeg_jpg.rf.605eff449fbf390acce0d46d9c1c5e10.jpg,448,448,0,115,237,148,260
ck0uk4wf8875i0a46hztpqvip_jpeg_jpg.rf.614953f33fd87f4c703dec0f98cd04dd.jpg,448,448,0,64,220,134,249
img_754_jpg.rf.62718c9036d1acbc56a7bb5c8ae9c0fe.jpg,448,448,1,275,0,448,260
ck0tznjlaumey0701fbjp1dbu_jpeg_jpg.rf.6425480603b84167339c91944e1d507d.jpg,448,448,0,261,203,427,270
ck0ncwdaxhgtf0a46wezybiq2_jpeg_jpg.rf.63ba30db4385b6a04694a1ff17150a20.jpg,448,448,0,349,234,445,272
ck0kcoc8ik6ni0848clxs0vif_jpeg_jpg.rf.64056c99c624b6243eee7154211b7832.jpg,448,448,0,201,248,365,296
ck0ug2o6ku8b708632bp2y2zn_jpeg_jpg.rf.67cd7e2ff5d17d9d5a8f898caf77e589.jpg,448,448,0,79,173,160,298
ck0nem99k9e9v0721yu2dtiqq_jpeg_jpg.rf.65e7f35907a802325d33f54d23e816fe.jpg,448,448,0,219,144,322,239
ck0rqph585aki0838q1hxpf6k_jpeg_jpg.rf.68b68ea5126e16f8decf5e8a27dc76d5.jpg,448,448,0,243,252,369,298
ck0na3ee97aa6072160kaqfv8_jpeg_jpg.rf.65bdeec2781562a253aac65788305942.jpg,448,448,0,235,245,308,295
ck0qd5it1i1wl0944fqp8vf9c_jpeg_jpg.rf.6b0e88de65890d0f699466ced6db7bd7.jpg,448,448,0,232,253,368,295
ck0txs402uehd070195c9mfko_jpeg_jpg.rf.68a0e1eb13b55fb83a8c4a61a3373a84.jpg,448,448,0,146,155,178,222
img_727_jpg.rf.694b3816862d5364a80e9a5254014591.jpg,448,448,1,340,0,448,250
ck0u0dcgdwy9r072177202gnd_jpeg_jpg.rf.65f95d2bcf79922845cf0f5981af6b10.jpg,448,448,0,133,190,149,214
ck0tzzys2sm6b0863k8qyy7hp_jpeg_jpg.rf.643a3f4317f83f75b68b94a47d7cf7db.jpg,448,448,0,269,209,302,234
ck0u09p0z70h60848av5vdh7v_jpeg_jpg.rf.683285653c57901b4dd187944f5a3455.jpg,448,448,0,109,187,147,218
img_344_jpg.rf.6be01be34a92dd52a0791746ae8a2097.jpg,448,448,1,288,251,331,392
ck0tyjzuxsewd0863g6vu5zec_jpeg_jpg.rf.69d7202ee7282bffdc33dc134043f103.jpg,448,448,0,131,197,146,216
img_96_jpg.rf.6ae1749e882e24259fa2750329bbe624.jpg,448,448,1,19,47,312,445
ck0ndgh043xns0863o9d4l0kk_jpeg_jpg.rf.5c70aae1b825d5a88d16e37fd813ebc9.jpg,448,448,0,146,184,209,218
img_637_jpg.rf.6bf703ac0c97c7090f38b1dc86e9206b.jpg,448,448,1,263,204,301,243
img_637_jpg.rf.6bf703ac0c97c7090f38b1dc86e9206b.jpg,448,448,0,139,0,317,201
ck0ujxwiv8tpa0848i4mm92da_jpeg_jpg.rf.6a47a1c33735384cf45e561632365185.jpg,448,448,0,267,197,339,233
img_627_jpg.rf.6bae31a5f210c3e0228265f6c8a8fe33.jpg,448,448,1,257,159,297,244
img_627_jpg.rf.6bae31a5f210c3e0228265f6c8a8fe33.jpg,448,448,0,149,0,383,154
ck0kdc75e4wgn0794wltgjwdw_jpeg_jpg.rf.6aca851a8e266d1fada702adcc8d6f8c.jpg,448,448,0,127,191,150,216
img_86_jpg.rf.6bf86facd9dd5867c7e9adfa1f17b7e8.jpg,448,448,1,45,3,348,448
img_401_jpg.rf.694977539aef528e1a748383f0aca9b7.jpg,448,448,1,254,0,400,68
img_654_jpg.rf.6c08d29cbb8255d962ffba4d8dec7674.jpg,448,448,0,130,0,327,177
img_654_jpg.rf.6c08d29cbb8255d962ffba4d8dec7674.jpg,448,448,1,251,187,308,244
ck0kcubsi4r530863gt6or3em_jpeg_jpg.rf.6c0304f0a350c967047069624ef6fb1c.jpg,448,448,0,279,183,336,229
img_392_jpg.rf.6ce5dca8685d4d6e520095b39596ba28.jpg,448,448,1,271,277,327,421
ck0kmp3qy67dy08634jubsyx8_jpeg_jpg.rf.6c62ba6aaf618066ce6e5b5240cc2ca7.jpg,448,448,0,94,117,157,296
ck0nf53eo78rg0944btmudhsc_jpeg_jpg.rf.6d780196b4475d9717f84878dba16639.jpg,448,448,0,116,239,146,260
ck0t4z1yrkmfv0794t2oqhd3f_jpeg_jpg.rf.6cc7210391b8d4a894a226f3ebb7076c.jpg,448,448,0,360,195,431,266
ck0tyucu3uekj0944f3usafki_jpeg_jpg.rf.6e6199356adc63b404e1f30c316653ae.jpg,448,448,0,12,253,109,311
ck0l9y6snotc30848s7ciyz6j_jpeg_jpg.rf.6e7a528c14584aaefe4fdabca4eda8b3.jpg,448,448,0,314,218,374,233
124_jpg.rf.6b2acb65dc65dd3d1bf34e25b9a6bc72.jpg,448,448,1,164,23,302,415
img_738_jpg.rf.70d37fa46a5f0de8f7d42c1a8c47daf8.jpg,448,448,1,316,1,448,255
img_630_jpg.rf.6eac5cc12f8e48c8bdad9a6571a4a475.jpg,448,448,1,255,172,297,237
img_630_jpg.rf.6eac5cc12f8e48c8bdad9a6571a4a475.jpg,448,448,0,139,0,398,171
217_jpg.rf.6e9e43118c4e54c03dc3cb2639087334.jpg,448,448,1,4,10,445,377
ck0qb78lnsvjg0a46r1s6hxr1_jpeg_jpg.rf.70eb8ff40a77507a9ffae2f88e8800aa.jpg,448,448,0,144,152,179,220
img_94_jpg.rf.6fd013910ab31ca9b5a7dde180ca5f87.jpg,448,448,1,163,4,378,355
img_94_jpg.rf.6fd013910ab31ca9b5a7dde180ca5f87.jpg,448,448,1,4,174,140,448
ck0qbrxq0fc870863u9dy1xsl_jpeg_jpg.rf.6dd359e3bcb9860d492751a221e6a596.jpg,448,448,0,220,120,374,236
ck0km4pkh640f086302no99ma_jpeg_jpg.rf.6f76611d26b891f86086adbd8ccdb7b9.jpg,448,448,0,125,187,149,216
241_jpg.rf.718d302d158e9ec187c61fa91033add7.jpg,448,448,1,278,79,332,285
241_jpg.rf.718d302d158e9ec187c61fa91033add7.jpg,448,448,0,282,0,433,175
ck0ncye0iiouc0848ostst7bq_jpeg_jpg.rf.732df140a86f86197a13cd0c85e23eb6.jpg,448,448,0,228,207,294,235
ck0tzmo81wtq50721yer41mgt_jpeg_jpg.rf.719202cfb94fe4fc90eb8141153a2f95.jpg,448,448,0,382,239,436,272
ck0t4kdl1nlyb07011sj8qjd8_jpeg_jpg.rf.72be776694c83f3043f45ae1e3164120.jpg,448,448,0,41,145,289,297
70_jpg.rf.74e63fdd99ae2cffddd8baffe5e817eb.jpg,448,448,0,134,0,238,239
70_jpg.rf.74e63fdd99ae2cffddd8baffe5e817eb.jpg,448,448,1,137,238,180,352
img_668_jpg.rf.716b206e1bd07228eaee9f9e93b84f14.jpg,448,448,0,78,0,360,324
img_453_jpg.rf.729103251397d5f47b24104c0b255328.jpg,448,448,1,51,1,360,96
ck0ujy91ete1p0794u8tbqbox_jpeg_jpg.rf.720a715e807aa048c0d7594bc266bcf3.jpg,448,448,0,90,212,122,268
img_821_jpg.rf.768328c5abb4cd34e513b23885615a74.jpg,448,448,1,124,269,448,342
img_821_jpg.rf.768328c5abb4cd34e513b23885615a74.jpg,448,448,0,3,2,448,252
ck0twkzggsrnb0838b6na9joz_jpeg_jpg.rf.726538856df9402931a7c23c8393c75e.jpg,448,448,0,131,197,148,218
ck0kmftzekfwv0a46aj0nh5dz_jpeg_jpg.rf.77176c44ca25264bf315112fd7dd6ded.jpg,448,448,0,352,239,429,273
ck0twzjvps8kb0863yht85hg8_jpeg_jpg.rf.773e3692e7e1e628c6adbc5cffba4cd7.jpg,448,448,0,209,241,364,297
ck0ukglh8v4be0838snyl10yu_jpeg_jpg.rf.77e500a569a3c4efc9ad87604de7d9ff.jpg,448,448,0,135,191,149,209
ck0m0ch9ugnna07940o8x989j_jpeg_jpg.rf.77673cfa3082ae2cb5dae08eb617664d.jpg,448,448,0,216,155,408,240
ck0txp6s8ue5b0701zx9qjwwe_jpeg_jpg.rf.7958896f65bf9230b9410e6a1c5a8b6a.jpg,448,448,0,310,198,428,268
ck0tya1tfr9sz0794w5roonwp_jpeg_jpg.rf.7a21a915f2a913be01cd07e4eeff0a27.jpg,448,448,0,78,150,134,291
ck0u086m36ca30a46uxou346g_jpeg_jpg.rf.7ab04a280b943cf2958f2ab9e41f1a01.jpg,448,448,0,311,215,360,235
ck0km5c8vke4q0a46trc774lh_jpeg_jpg.rf.797a31eee417322cf8d1da2bb141fb24.jpg,448,448,0,128,190,148,209
ck0u101es74sl08484y0z9pb6_jpeg_jpg.rf.7824fab1aaf3821873683dbcdfec7a84.jpg,448,448,0,307,209,394,237
ck0qbaubof1z40863w0scvpra_jpeg_jpg.rf.7b383212312b03fb97ffc5a09feb4ffb.jpg,448,448,0,2,41,117,302
ck0u01dbyuoe30701p6pfzb0q_jpeg_jpg.rf.766c27b23c24bb5b85d535a3bfc20055.jpg,448,448,0,111,155,295,299
img_716_jpg.rf.7beef69af6fb0e01be0d69af021d03bd.jpg,448,448,1,289,0,447,203
ck0lwfg8yjmbz07219irceyfl_jpeg_jpg.rf.781a23aff04b9cd00f14b9061651ae61.jpg,448,448,0,116,218,424,285
ck0u96z1nxzlx0721hdcmet81_jpeg_jpg.rf.7c51647d0e0124cf0b80c2081c6bae67.jpg,448,448,0,348,227,444,272
ck0rr0ik14xk30863c291xijp_jpeg_jpg.rf.7bf9188c830a8e09713466be6ccb1693.jpg,448,448,0,86,191,123,266
ck0kn591g92v60944tmg09bpa_jpeg_jpg.rf.79306db35c183e06d1b9eb165a85de35.jpg,448,448,0,313,220,352,236
ck0qbu8qqenrd0794vafe93ht_jpeg_jpg.rf.7a300ebde55a999557c8654f54cfa79f.jpg,448,448,0,191,196,215,223
ck0u0l462sqjj0863jgtyd84b_jpeg_jpg.rf.7cdde27f0ec2cbaae6c1046231c2f6cf.jpg,448,448,0,335,182,364,227
img_438_jpg.rf.7c63d605fa4794d8fa2ce6c5e7756f45.jpg,448,448,1,50,2,326,210
ck0kl0ifc5xd60863hxynsup8_jpeg_jpg.rf.7cffae6027f32be5a9e1d9d7eac05d54.jpg,448,448,0,0,54,113,309
ck0lxh38zu5ri0848ra81j7ne_jpeg_jpg.rf.7e5e580b6af69439a1d0444a73af353f.jpg,448,448,0,350,236,411,280
ck0na20uvg69k0a46b7cgr9rd_jpeg_jpg.rf.7dce98517bc6c8693315f7691c72e8f2.jpg,448,448,0,313,178,378,228
ck0t2z9knn3060944ppcr9fkn_jpeg_jpg.rf.7eedd3a0cda9b2327267e3171184687b.jpg,448,448,0,66,216,124,247
309_jpg.rf.7ceaccac8cbf12dfd25e66cb991b6327.jpg,448,448,0,247,110,392,414
ck0tsyvp361ow084867dinue0_jpeg_jpg.rf.6997f88961c43e52d4bbf06c920d6d2a.jpg,448,448,0,349,229,445,268
img_106_jpg.rf.7b309b1b5c0f6148477d2bac2fdb8f33.jpg,448,448,1,11,187,103,328
ck0kcko719xjn0721pujcl4if_jpeg_jpg.rf.7f7756c0331bfffc6a2f94e56b9e2317.jpg,448,448,0,130,196,149,215
ck0tzttgusl7o0863k0kfvcid_jpeg_jpg.rf.7ffc4f55f52b52b6eeae69d7897d0ff0.jpg,448,448,0,105,192,145,210
ck0keprw9ke1d08483vmle7ed_jpeg_jpg.rf.7a4625dba0da422376472eb2abb2a443.jpg,448,448,0,1,105,105,311
ck0keo0re4xll086378211i65_jpeg_jpg.rf.80562d84c31074fd60beb9a7fb32c0bb.jpg,448,448,0,136,194,149,215
ck0lxe157jywu0721jwuvnom0_jpeg_jpg.rf.7adfcd1db958f44735d64ee59013738b.jpg,448,448,0,117,241,136,259
img_259_jpg.rf.75698b46be7d8d553e49566e74e58caf.jpg,448,448,1,12,98,353,416